Species,Focal Clade,Subfamily,Substrate category,Disparity,Man,Pes,PC1,PC2,HdL,SVL,FLL,HLL,TLL,PSVn,FL_presence,HL_presence,Data sources,Reference,AWCmean0,AWCmean,AWCmin0,AWCmin,AWCmax0,AWCmax,BDWmean0,BDWmean,BDWmin0,BDWmin,BDWmax0,BDWmax,CLYmean0,CLYmean,CLYmin0,CLYmin,CLYmax0,CLYmax,SLTmean0,SLTmean,SLTmin0,SLTmin,SLTmax0,SLTmax,SNDmean0,SNDmean,SNDmin0,SNDmin,SNDmax0,SNDmax1,SNDmax,SOCmean0,SOCmean,SOCmin0,SOCmin,SOCmax0,SOCmax,Long,Lat,Tmin.1cm,Tmax.1cm,Tmean.1cm,rain,Min.soil.temp.2.5cm,Max.soil.temp.2.5cm,Mean.soil.temp.2.5cm,Min.soilpot2.5cm,Max.soilpot2.5cm,Mean.soilpot2.5cm,Min.soilmoist2.5cm,Max.soilmoist2.5cm,Mean.soilmoist2.5cm,Min.soilhum5cm,Max.soilhum5cm,Mean.soilhum5cm,Min.rh,Max.rh,Mean.rh,Min.soilwet,Max.soilwet,Mean.soilwet
Anomalopus_leuckartii,Anomalopus group,Sphenomorphinae,soil,-0.597693114,2,0,1.496269377,0.754246307,9.46,102.2,2.86,1.15,90.55,55,1,1,Camaiti et al. 2022,"Camaiti, M., Evans, A. R., Hipsley, C. A., Hutchinson, M. N., Meiri, S., Anderson, R. O., ... & Chapple, D. G. (2022). A database of the morphology, ecology and literature of the world's limb-reduced skinks. Journal of Biogeography, 49(7), 1397-1406.",15.06091799,22.83533181,9.088409424,17.5459095,24.84157753,29.89507737,1.298235969,0.261006396,0.65604353,-0.421528136,1.535328031,0.428744059,25.69660771,30.45877076,3.693723202,11.08065359,64.33566284,53.33064272,15.45411736,23.1486035,5.889340878,14.04474916,37.94073486,38.02174578,53.2528051,46.86503718,15.85223961,23.46249637,92.82269287,92.82269287,74.46036187,2.62855054,9.330437634,0.756754398,4.990561278,12.31514931,20.5441762,150.4255534,-27.89787408,3.548063132,38.63314253,17.88073725,1.985360295,7.519295239,35.90327422,20.08363594,-17808.55664,-8.062722164,-2340.857418,0.114837517,0.318050336,0.206736135,0.993550449,0.999930699,0.99812618,20.81451348,93.88719914,55.82275523,0.078905866,92.10865683,36.97750959
Anomalopus_mackayi,Anomalopus group,Sphenomorphinae,soil,0,3,2,0.319883923,0.378247815,9.4,98.7,5.92,5.92,110.54,58,1,1,Camaiti et al. 2022,"Camaiti, M., Evans, A. R., Hipsley, C. A., Hutchinson, M. N., Meiri, S., Anderson, R. O., ... & Chapple, D. G. (2022). A database of the morphology, ecology and literature of the world's limb-reduced skinks. Journal of Biogeography, 49(7), 1397-1406.",15.43697065,23.13501087,9.038264275,17.49587052,24.21013641,29.47461968,1.350048541,0.300140548,0.927239418,-0.075543475,1.515720367,0.415890816,38.83732454,38.54990028,8.191451073,16.63101696,62.03647614,51.96480069,13.42997168,21.49803133,5.48321867,13.54227405,26.63687325,31.07162601,45.49012916,42.41251778,16.57758522,24.02629191,85.59867096,85.59867096,67.69785291,1.280819106,6.498273766,0.473627001,3.946247125,5.469729424,13.52528927,147.4933168,-29.68605236,4.357366895,43.31112339,20.13065947,1.125253019,8.539226637,43.22366719,23.01126691,-92763.8858,-13.81234003,-16708.15675,0.03966691,0.281137347,0.143572518,0.826852242,0.999865805,0.97713244,15.55481889,89.71416066,47.73103394,0,92.09662784,18.08171732
Anomalopus_swansoni,Anomalopus group,Sphenomorphinae,soil,0,0,0,3.03251282,0.598175619,7.13,84,0,0,57.58,58,0,0,Camaiti et al. 2022,"Camaiti, M., Evans, A. R., Hipsley, C. A., Hutchinson, M. N., Meiri, S., Anderson, R. O., ... & Chapple, D. G. (2022). A database of the morphology, ecology and literature of the world's limb-reduced skinks. Journal of Biogeography, 49(7), 1397-1406.",13.60769244,21.64693404,9.762978554,18.20740272,18.18958855,25.24517287,1.18475167,0.169533191,0.666618049,-0.405538037,1.41130197,0.344512661,17.78244403,24.94147897,3.512871504,10.80263907,51.19409561,45.68423144,15.18815104,22.9370647,2.262390852,8.650830044,32.566185,34.79681347,56.00259418,48.44754847,28.23295021,32.09650302,99.29294586,99.29294586,85.17650223,3.523642002,10.81938627,1.000185132,5.739703489,7.339765549,15.71902054,151.1742184,-32.76171771,3.954898137,34.44605484,16.19390884,2.476075919,6.416922181,31.62552364,17.60296077,-127.8284663,-5.97032136,-48.2799498,0.172117999,0.34001459,0.241777149,0.999272376,0.999951644,0.999729509,26.8423405,97.46394997,62.42546743,0.657108385,92.11290544,52.10067754
Anomalopus_verreauxi,Anomalopus group,Sphenomorphinae,soil,-0.488186512,3,0,0.450878375,1.125420049,15.33,148.5,6.39,3.27,150.28,57,1,1,Camaiti et al. 2022,"Camaiti, M., Evans, A. R., Hipsley, C. A., Hutchinson, M. N., Meiri, S., Anderson, R. O., ... & Chapple, D. G. (2022). A database of the morphology, ecology and literature of the world's limb-reduced skinks. Journal of Biogeography, 49(7), 1397-1406.",14.79859334,22.6244591,9.088409424,17.5459095,24.84157753,29.89507737,1.296940368,0.260007927,0.670247018,-0.400108951,1.517786384,0.417252947,24.94555647,29.96396736,1.771816373,7.649320984,64.92118835,53.68147775,15.58191939,23.2497221,1.012123585,5.773972864,40.14358521,39.3154602,54.12576492,47.36657996,15.85223961,23.46249637,96.04456329,96.04456329,78.52836433,2.622712833,9.319978499,0.697494268,4.790701518,13.56649208,21.61248785,150.6474015,-25.91759557,5.494378891,38.6711133,19.32610392,2.233369071,9.685821977,36.28015908,21.55321026,-18286.33057,-7.744243433,-2411.413143,0.108811025,0.322161941,0.204981271,0.993441996,0.999934383,0.998085739,22.73020183,92.33593524,56.82421854,0.153436704,92.10832839,35.1865795
Calyptotis_ruficauda,Anomalopus group,Sphenomorphinae,terrestrial,0.318152895,5,5,-0.121008405,-0.6046712,8,38,7.5,11,52.5,26,1,1,Camaiti et al. 2022,"Camaiti, M., Evans, A. R., Hipsley, C. A., Hutchinson, M. N., Meiri, S., Anderson, R. O., ... & Chapple, D. G. (2022). A database of the morphology, ecology and literature of the world's limb-reduced skinks. Journal of Biogeography, 49(7), 1397-1406.",13.83216582,21.8338428,10.13023663,18.55895816,18.53170776,25.4983244,1.073074483,0.070527877,0.65604353,-0.421528136,1.397243857,0.334501623,19.80710345,26.42664792,3.666013479,11.03848871,48.06303406,43.88992249,21.14809477,27.3787564,3.411235094,10.64336779,47.00111389,43.28073298,48.68330884,44.24550432,20.96879005,27.25277127,100.9104996,100,90,4.52158479,12.27711881,1.465972781,6.95428432,11.60290718,19.9152863,152.5837701,-31.23251637,5.508554345,33.43275067,17.1167794,3.697430816,7.921295014,30.91681755,18.381815,-103.9151787,-4.474109964,-39.35961901,0.179489459,0.361669874,0.253992727,0.999430628,0.999965593,0.999786769,30.34224696,96.64286474,64.67665787,1.036517462,92.11562807,55.43475468
Coeranoscincus_frontalis,Anomalopus group,Sphenomorphinae,humus,0,0,0,2.765163482,1.540492952,18.68,144.55,0,0,68,55,0,0,Camaiti et al. 2022,"Camaiti, M., Evans, A. R., Hipsley, C. A., Hutchinson, M. N., Meiri, S., Anderson, R. O., ... & Chapple, D. G. (2022). A database of the morphology, ecology and literature of the world's limb-reduced skinks. Journal of Biogeography, 49(7), 1397-1406.",13.11217678,21.22967509,9.029631615,17.48724354,16.64565659,24.07868796,1.200477635,0.182719507,0.819197476,-0.199430106,1.468381405,0.384160709,29.06762529,32.62538622,7.052284718,15.40031282,67.34540558,55.14915879,18.20055076,25.25331286,6.121015549,14.32411654,40.7420845,39.66481882,50.48822847,45.27973875,11.53195,19.85172908,85.81123352,85.81123352,67.87182772,4.322781441,12.00007652,0.870334506,5.353005908,13.36964989,21.44730209,145.7620182,-17.68636443,12.37233695,38.62045694,22.66458163,4.481957897,16.15246854,37.07700352,24.75159999,-22263.56148,-5.433754641,-3593.147586,0.087943974,0.369146787,0.214645471,0.98605835,0.999961333,0.996079088,27.08863199,86.2931898,59.21655607,0.14382251,92.11337201,35.19795327
Coeranoscincus_reticulatus,Anomalopus group,Sphenomorphinae,humus,0.111716241,3,3,0.077620657,0.837615458,12.72,155.07,6.36,7.16,152.48,76,1,1,Camaiti et al. 2022,"Camaiti, M., Evans, A. R., Hipsley, C. A., Hutchinson, M. N., Meiri, S., Anderson, R. O., ... & Chapple, D. G. (2022). A database of the morphology, ecology and literature of the world's limb-reduced skinks. Journal of Biogeography, 49(7), 1397-1406.",13.97981766,21.95609184,9.221829414,17.67844555,20.396101,26.84769648,1.18035446,0.165814783,0.734693468,-0.308301917,1.43729496,0.362762847,21.1766668,27.3987958,1.771816373,7.649320984,54.63485718,47.65939546,17.68963382,24.87187154,1.012123585,5.773972864,37.71527481,37.88855978,52.47169007,46.41675151,19.63647652,26.30379963,100.9104996,100,90,3.746142817,11.16000477,0.797096014,5.12220083,13.56649208,21.61248785,152.8832085,-27.71276916,6.202597641,34.23331984,18.03918652,3.561152908,9.242167646,31.28796958,19.33200035,-121.9353943,-4.698667137,-46.12037465,0.172904814,0.357056551,0.245481839,0.999298687,0.99996308,0.999748352,27.77079789,90.73668611,60.16537429,1.048740778,92.11569598,49.75428724
Coggeria_naufragus,Anomalopus group,Sphenomorphinae,sand,0.433064884,3,3,0.570362205,0.227835198,8.05,98.2,3.73,6.58,77.77,50,1,1,Camaiti et al. 2022,"Camaiti, M., Evans, A. R., Hipsley, C. A., Hutchinson, M. N., Meiri, S., Anderson, R. O., ... & Chapple, D. G. (2022). A database of the morphology, ecology and literature of the world's limb-reduced skinks. Journal of Biogeography, 49(7), 1397-1406.",13.35282306,21.43313387,10.65244675,19.04925514,15.19667339,22.94386646,1.196199598,0.17914953,1.064236879,0.062257997,1.390568733,0.329712824,9.511548241,17.96331417,2.602582693,9.283825152,32.83325958,34.95991031,10.84239411,19.22495335,4.480624676,12.22052145,21.91410255,27.91265559,67.28512012,55.11233946,33.82268143,35.56123471,89.36244202,89.36244202,70.96457477,3.517600636,10.80999551,1.616252065,7.303887185,5.978664398,14.15305983,153.1227592,-25.33283654,11.08919239,32.96199551,20.46827979,3.468109938,13.13294455,31.65835693,21.58036934,-155.0552187,-4.80084007,-57.88304021,0.16391587,0.354766577,0.235109142,0.99904888,0.999962087,0.999676209,32.9783065,83.20945026,60.08039107,1.218416629,92.11480958,42.18140835
Concinnia_queenslandiae,Anomalopus group,Sphenomorphinae,terrestrial,0.319987201,5,5,-1.366271077,-0.108571712,17,55,17,25,70,NA,1,1,Camaiti et al. 2022,"Camaiti, M., Evans, A. R., Hipsley, C. A., Hutchinson, M. N., Meiri, S., Anderson, R. O., ... & Chapple, D. G. (2022). A database of the morphology, ecology and literature of the world's limb-reduced skinks. Journal of Biogeography, 49(7), 1397-1406.",12.90737948,21.05527375,8.852667809,17.30956935,16.49157333,23.95996319,1.166933014,0.154378951,0.813970745,-0.205830853,1.464866161,0.381763881,32.46920209,34.73750275,9.748699188,18.19361604,67.34540558,55.14915879,18.95781164,25.81111148,7.37558651,15.7583262,40.7420845,39.66481882,46.73321659,43.12693676,11.53195,19.85172908,85.81123352,85.81123352,67.87182772,4.989478414,12.90712933,0.81605655,5.182928489,13.36964989,21.44730209,145.6145545,-17.20195237,12.51697888,38.15025297,22.35775888,5.00881891,15.92065221,36.39621309,24.28135845,-17123.28187,-5.891975536,-3746.371681,0.108385625,0.375393669,0.219968311,0.983299066,0.99995843,0.995283651,27.99546812,85.85792348,59.72099585,0.226006801,92.11252143,36.66395519
Concinnia_sokosoma,Anomalopus group,Sphenomorphinae,terrestrial,0.269220415,5,5,-1.403125409,-0.031722074,13.07,74,19,26,87,26,1,1,Camaiti et al. 2022,"Camaiti, M., Evans, A. R., Hipsley, C. A., Hutchinson, M. N., Meiri, S., Anderson, R. O., ... & Chapple, D. G. (2022). A database of the morphology, ecology and literature of the world's limb-reduced skinks. Journal of Biogeography, 49(7), 1397-1406.",14.74876175,22.58422759,9.337162018,17.79232144,21.12487221,27.36246162,1.381416391,0.323109343,0.821432829,-0.196705111,1.547331214,0.43653165,24.2567048,29.50575388,3.770304441,11.19640014,60.54392624,51.0869205,13.53035975,21.58224256,4.543198586,12.30688562,29.9449501,33.17648738,59.36797509,50.39936384,16.62400627,24.06203254,96.50402832,96.50402832,79.22368865,1.802082499,7.714771427,0.565538168,4.312844445,11.42093086,19.7519456,147.8426616,-22.44235562,7.85519055,42.87587179,22.47059548,1.845954869,13.06607998,41.6513869,25.43045604,-58800.81139,-8.893310955,-9065.434808,0.052395676,0.311284057,0.170838131,0.928505089,0.999928747,0.98999859,20.04754052,89.06485121,53.81965578,0,92.10546237,24.8256258
Ctenotus_angusticeps,Lerista,Sphenomorphinae,terrestrial,0.308887349,5,5,-1.409951044,-0.22625864,12.08,62.06,18.95,27.42,107.6,26,1,1,WAM-R108260 (Western Australian Museum specimen); Greer 1989 (presacral vertebrae numbers inferred for Ctenotus),"Greer, A. E. (1989). The Biology and Evolution of Australian Lizards. Surrey Beatty and Sons. Chipping Norton, New South Wales.",15.25040384,22.9867132,11.10931301,19.46958148,18.26464272,25.30086631,1.476170177,0.389451016,1.270137191,0.239124919,1.876554132,0.629437186,13.01596925,21.14789201,1.120103478,6.075273216,40.23231506,39.36730679,4.130550581,11.72634691,0.270826697,2.983077901,26.3976078,30.91634558,81.60651056,64.60373055,43.50990295,41.2709263,98.10389709,98.10389709,82.08527786,0.936710758,5.553998282,0.424546957,3.735883076,3.846133709,11.30990248,119.4209642,-19.91439737,12.53815061,45.77373107,27.03283543,0.895231558,16.4888532,48.08359741,30.5489406,-144770.5054,-22.4350882,-56421.93285,0.035880186,0.256363091,0.087851608,0.498695767,0.999833863,0.8438683,15.56133621,71.98948363,42.97562801,0,87.64755633,8.445261875
Ctenotus_australis,Lerista,Sphenomorphinae,terrestrial,0.422305027,5,5,-2.098725878,0.224920521,19.23,96.8,26.51,45.89,208.09,26,1,1,WAM-R145903 (Western Australian Museum specimen); Greer 1989 (presacral vertebrae numbers inferred for Ctenotus),"Greer, A. E. (1989). The Biology and Evolution of Australian Lizards. Surrey Beatty and Sons. Chipping Norton, New South Wales.",12.70576492,20.88242776,6.176954746,14.39082621,22.17935944,28.09595953,1.415953866,0.347803414,1.040892482,0.040078501,2.377507687,0.866052749,7.171356688,15.53303246,0,0,44.44773865,41.81221409,1.85636611,7.830822345,0,0,19.70631409,26.35412989,88.60247819,70.26914817,41.93149185,40.35678284,99.51795959,99.51795959,86.018801,3.406567533,10.63599882,0.577605605,4.358703277,15.9727993,23.55691557,115.7956203,-31.69272359,7.341946142,35.57250283,17.18461719,1.808263252,8.874462108,35.57076614,19.0557206,-58544.85935,-6.826546804,-10174.5906,0.056195019,0.332660249,0.187503634,0.873915582,0.999946998,0.980518963,23.60760751,93.13228591,58.06701744,0,92.10707234,33.8855431
Ctenotus_brooksi,Lerista,Sphenomorphinae,terrestrial,0.399980001,5,5,-0.824406012,-0.532215559,9,47,12,20,56,26,1,1,Loveridge 1933; Greer 1989 (presacral vertebrae numbers inferred for Ctenotus),"Loveridge, A. (1933). New scincid lizards of the genera Sphenomorphus, Rhodona and Lygosoma from Australia. Occasional Papers of the Boston Society of Natural History, 8, 95-100; Greer, A. E. (1989). The Biology and Evolution of Australian Lizards. Surrey Beatty and Sons. Chipping Norton, New South Wales.",14.43007151,22.32558948,3.314378023,10.48944182,18.90077209,25.76939865,1.466167548,0.382651886,1.031166792,0.030690969,1.881114841,0.631864602,11.79341874,20.08510035,1.092701197,6.000223858,50.11664581,45.06683319,6.015387473,14.19736897,0.257167339,2.906811419,19.72187996,26.36533866,81.68961987,64.66523814,29.38796997,32.82716812,100.1818619,100,90,0.818393701,5.190365365,0.26989305,2.977926893,2.474096298,9.049784001,126.4529597,-25.21516295,5.689674898,43.26907867,21.21856724,0.619604097,9.221646999,42.83085762,23.55363065,-116416.3757,-27.46912669,-31390.13518,0.037705148,0.242811091,0.110078249,0.706940256,0.999621276,0.94677233,12.30998806,70.44378302,37.43631794,0,92.08253507,13.76638179
Ctenotus_essingtonii,Lerista,Sphenomorphinae,terrestrial,0.427754014,5,5,-0.617152673,-0.740220905,7.8,38.5,10.3,18,76.1,26,1,1,Horner 2007 (holotype); Greer 1989 (presacral vertebrae numbers inferred for Ctenotus),"Greer, A. E. (1989). The Biology and Evolution of Australian Lizards. Surrey Beatty and Sons. Chipping Norton, New South Wales.",15.10551039,22.87102702,9.884332657,18.32420899,19.35056686,26.09704106,1.426928033,0.355523905,1.119648814,0.113015077,1.570671082,0.451502969,14.54810946,22.4216586,2.646003485,9.361640013,62.3482666,52.14900427,9.716698095,18.16268634,1.961174726,8.050273616,28.18799782,32.06788697,74.53986868,59.69650205,26.97416878,31.28977532,100.2697296,100,90,1.441675813,6.896131254,0.486410975,3.999235886,6.486678123,14.75519198,133.3864397,-13.44935109,15.97119781,45.07646421,27.82065347,3.045275248,21.6545634,45.54742004,30.83358741,-86845.0794,-4.869994496,-14743.33591,0.040350673,0.354866933,0.175484414,0.781993659,0.999966073,0.97266089,19.94921278,84.3553621,54.2318752,0,92.11469591,26.92682373
Ctenotus_grandis,Lerista,Sphenomorphinae,terrestrial,0.356786137,5,5,-2.06719632,0.210818238,17.8,97.31,27.69,43.05,207.42,26,1,1,WAM-R177118 (Western Australian Museum specimen); Greer 1989 (presacral vertebrae numbers inferred for Ctenotus),"Greer, A. E. (1989). The Biology and Evolution of Australian Lizards. Surrey Beatty and Sons. Chipping Norton, New South Wales.",14.53384812,22.41006877,3.314378023,10.48944182,18.91884041,25.78261717,1.47358744,0.387699863,1.031166792,0.030690969,1.884487629,0.633655969,12.43784581,20.65091366,1.120103478,6.075273216,50.02763748,45.01583511,5.905200571,14.06403599,0.270828158,2.983085955,27.91293526,31.89248226,81.63471647,64.6245931,29.38796997,32.82716812,100.1818619,100,90,0.783872469,5.079422774,0.280160666,3.034095237,3.846133709,11.30990248,125.4971386,-23.30482792,7.004023507,44.67244219,22.90971726,0.697133005,10.72939609,44.66629151,25.44997814,-125246.7251,-26.44775272,-37802.06505,0.037067897,0.245030591,0.101846046,0.660420797,0.999677383,0.929911876,11.9520813,65.75612746,35.62116417,0,91.9715477,11.95654266
Ctenotus_greeri,Lerista,Sphenomorphinae,terrestrial,0.434140488,5,5,-1.509061984,-0.243431975,12.59,63.52,18.39,32.5,106,26,1,1,NT-R35624 (Museum and Art Gallery of the Northern Territory specimen); Greer 1989 (presacral vertebrae numbers inferred for Ctenotus),"Greer, A. E. (1989). The Biology and Evolution of Australian Lizards. Surrey Beatty and Sons. Chipping Norton, New South Wales.",14.84930421,22.66534308,3.314378023,10.48944182,21.20315552,27.41736521,1.479215136,0.391511634,1.031166792,0.030690969,1.67731595,0.517194867,14.4137201,22.31225564,2.68628788,9.433280516,62.46118927,52.21579228,6.659009563,14.95442113,0.896766543,5.433924215,19.79265785,26.41626285,77.54628196,61.71526944,21.34994507,27.52011612,99.09946442,99.09946442,84.55463415,0.727202235,4.891904956,0.280160666,3.034095237,2.492036343,9.082812032,130.7146144,-22.90718675,6.049439347,44.14341955,22.16564532,0.845635347,9.997357231,43.3314858,24.62517247,-118340.007,-22.81158653,-34225.52133,0.03751512,0.255511062,0.107876309,0.710969481,0.999717362,0.944289898,11.34202246,66.7313964,35.19912949,0,92.08524796,12.65107064
Ctenotus_hanloni,Lerista,Sphenomorphinae,terrestrial,0.375266844,5,5,-1.284132704,-0.29864887,11.08,60.15,16.68,26.7,107.37,26,1,1,WAM-R155760 (Western Australian Museum specimen),"Greer, A. E. (1989). The Biology and Evolution of Australian Lizards. Surrey Beatty and Sons. Chipping Norton, New South Wales.",14.54307325,22.41756634,3.314378023,10.48944182,20.5387764,26.94900316,1.473865211,0.387888345,1.031166792,0.030690969,1.887324929,0.635160445,12.83024374,20.98928154,1.128926158,6.099243164,50.02763748,45.01583511,5.735308396,13.85614896,0.272994101,2.995001619,27.83282089,31.84129488,81.29512322,64.37422832,29.38796997,32.82716812,100.1818619,100,90,0.801405945,5.136067247,0.26989305,2.977926893,3.846133709,11.30990248,123.4947487,-23.89505197,6.948638446,44.84471706,22.78171645,0.634181198,10.64264717,45.11107754,25.40064703,-126116.5625,-27.78775835,-37818.05864,0.037012174,0.241476999,0.101346862,0.649585292,0.999660933,0.927813623,12.3549919,67.1395585,36.47892297,0,91.96605071,12.06774089
Ctenotus_hilli,Lerista,Sphenomorphinae,terrestrial,0.449405863,5,5,-1.053642243,-0.485893272,10.23,48.93,13.39,24.32,86.52,26,1,1,NT-R24524 (Museum and Art Gallery of the Northern Territory specimen); Greer 1989 (presacral vertebrae numbers inferred for Ctenotus),"Greer, A. E. (1989). The Biology and Evolution of Australian Lizards. Surrey Beatty and Sons. Chipping Norton, New South Wales.",15.03386917,22.81365867,9.884332657,18.32420899,17.94637489,25.06408007,1.393240354,0.331632224,1.119648814,0.113015077,1.534207702,0.428014093,16.09086008,23.64909841,3.748686552,11.16384177,62.3482666,52.14900427,10.95549721,19.32892977,2.765844822,9.573244283,28.18799782,32.06788697,72.82418891,58.58022192,26.97416878,31.28977532,99.23033905,99.23033905,84.96695241,1.765492806,7.635577135,0.511486053,4.101195316,6.486678123,14.75519198,131.9225185,-12.54263145,17.34027927,44.51426027,28.02692376,3.594824288,22.68205794,45.10715605,30.92292507,-78299.19451,-4.239761107,-11649.96559,0.041280601,0.364979434,0.184889465,0.826386232,0.999970331,0.980507277,21.8372125,86.8978176,56.87659985,0,92.11546121,29.46268589
Ctenotus_inornatus,Lerista,Sphenomorphinae,terrestrial,0.390844927,5,5,-1.18807486,-0.169525738,12.42,63.99,14.93,24.51,138.83,26,1,1,D'Amore et al. 2018 (avgs); Greer 1989 (presacral vertebrae numbers inferred for Ctenotus),"D'Amore, D. C., Meadows, D., Clulow, S., Doody, J. S., Rhind, D., & McHenry, C. R. (2018). Increasing dietary breadth through allometry: bite forces in sympatric Australian skinks. Herpetology Notes, 11, 179-187; Greer, A. E. (1989). The Biology and Evolution of Australian Lizards. Surrey Beatty and Sons. Chipping Norton, New South Wales.",15.2774835,23.00828411,8.884335518,17.34148106,21.20315552,27.41736521,1.462104011,0.379876502,0.819197476,-0.199430106,2.37587595,0.865366191,15.98627171,23.56744884,0,0,64.29528809,53.30649896,6.933730914,15.26713802,0,0,35.71291733,36.69840707,74.94770556,59.96541432,17.57868195,24.78846948,100.2697296,100,90,0.979471802,5.679761853,0.280160666,3.034095237,13.36964989,21.44730209,130.8640385,-16.99311609,11.97848016,45.92105278,26.62150184,1.817523572,16.78877096,45.81901897,29.5739612,-120824.8973,-10.1483487,-33765.27977,0.038207984,0.309117862,0.130676828,0.646814337,0.999929652,0.925684572,14.18202702,71.72378635,42.38863587,0,92.10624485,17.11177274
Ctenotus_labillardieri,Lerista,Sphenomorphinae,terrestrial,0.304334594,5,5,-1.180496591,-0.305954945,12,53,16,23,92,26,1,1,Boulenger 1887; Greer 1989 (presacral vertebrae numbers inferred for Ctenotus),"Boulenger, G. A. (1887). Catalogue of the lizards in the British Museum (Natural History) (Vol. 3). Taylor & Francis, London;Greer, A. E. (1989). The Biology and Evolution of Australian Lizards. Surrey Beatty and Sons. Chipping Norton, New South Wales.",12.28463475,20.51755982,7.063414097,15.41276144,16.74257278,24.15313884,1.415412334,0.347420891,1.0440346,0.043092631,2.375361443,0.865149612,9.260578642,17.71677629,0,0,48.75534821,44.28679338,2.244175235,8.61566765,0,0,18.64409637,25.58109112,85.92465729,67.96510575,36.33822632,37.07155626,99.49227905,99.49227905,85.91395297,3.613463202,10.95810162,0.741676092,4.940467893,16.75359154,24.16159252,118.1659648,-33.72704919,6.229324577,33.0832265,15.40324748,1.77954899,7.418897512,32.23033818,16.97718775,-30416.50986,-6.796342393,-3449.486023,0.059348453,0.33159038,0.206684808,0.987037557,0.999944861,0.996934192,25.95805527,95.33449591,61.45001324,0,92.10761685,40.09028783
Ctenotus_leae,Lerista,Sphenomorphinae,terrestrial,0.387084288,5,5,-1.508838323,-0.226325308,13,62,19,31,NA,26,1,1,Camaiti et al. 2022,"Camaiti, M., Evans, A. R., Hipsley, C. A., Hutchinson, M. N., Meiri, S., Anderson, R. O., ... & Chapple, D. G. (2022). A database of the morphology, ecology and literature of the world's limb-reduced skinks. Journal of Biogeography, 49(7), 1397-1406.",14.53030941,22.40719221,3.314378023,10.48944182,26.58954811,31.04094801,1.457111906,0.37645633,1.031166792,0.030690969,1.848999023,0.614644424,13.85716347,21.85457806,1.330039144,6.622504894,50.71334076,45.40872802,6.812689977,15.13007768,0.299658895,3.138003028,19.72187996,26.36533866,77.4940155,61.67940106,26.5940094,31.04384074,100.1818619,100,90,0.766310401,5.022052305,0.235024944,2.778752554,2.928899288,9.85412352,130.9986414,-26.88161195,4.66871362,42.92123145,20.27831729,0.519186704,8.231055146,42.52955733,22.70791026,-115291.9835,-35.01046094,-32097.96594,0.037811242,0.232035278,0.105668702,0.717643748,0.999401662,0.945976089,12.30602021,73.94152013,38.11127,0,86.74312769,12.53281432
Ctenotus_maryani,Lerista,Sphenomorphinae,terrestrial,0.362033237,5,5,-1.148333941,-0.453979799,9.48,53.34,15.7,24.61,77.84,26,1,1,WAM-R126756 (Western Australian Museum specimen); Greer 1989 (presacral vertebrae numbers inferred for Ctenotus),"Greer, A. E. (1989). The Biology and Evolution of Australian Lizards. Surrey Beatty and Sons. Chipping Norton, New South Wales.",15.67421618,23.3225383,8.926129341,17.38351845,18.23427582,25.27834348,1.483771165,0.394586931,1.297116876,0.260144014,1.883734822,0.633256414,12.18366324,20.42928381,3.79425621,11.23236897,36.97146988,37.44803882,3.620631807,10.96910054,0.928442836,5.529355921,27.83282089,31.84129488,82.44521157,65.22951824,48.98912811,44.42077361,95.03910828,95.03910828,77.13053532,0.855715727,5.307728865,0.360103041,3.440305605,3.614470005,10.959647,115.3336296,-23.74979399,9.479643589,45.57958627,24.12627392,0.564929811,13.44444725,47.92248094,27.75865453,-128155.1808,-29.63930616,-45464.65945,0.036889785,0.236794173,0.089031409,0.562604394,0.999730822,0.883903348,16.92761236,77.02861507,45.32374103,0,91.89280731,9.290823334
Ctenotus_mimetes,Lerista,Sphenomorphinae,terrestrial,0.484150009,5,5,-1.658792533,-0.14698792,13.53,72.47,19.38,37.57,168.5,26,1,1,WAM-R143525 (Western Australian Museum specimen); Greer 1989 (presacral vertebrae numbers inferred for Ctenotus),"Greer, A. E. (1989). The Biology and Evolution of Australian Lizards. Surrey Beatty and Sons. Chipping Norton, New South Wales.",13.57258228,21.61758243,6.125817776,14.32985453,23.93116951,29.28768143,1.477390882,0.390277614,1.221011639,0.199679727,2.378159761,0.866326979,11.34704553,19.68530359,0,0,39.68474197,39.04704371,3.089451006,10.12337396,0,0,20.39582253,26.84749849,83.6271123,66.13179055,36.87033463,37.38800218,99.62873077,99.62873077,86.50669737,0.995466479,5.726102789,0.366723418,3.471824433,2.141188622,8.414188815,117.0943276,-28.70277297,5.916922705,42.85311103,19.67629709,0.694199593,8.630508364,43.14567075,22.1879068,-110004.4555,-17.34223838,-24341.89141,0.038166416,0.269565591,0.136951015,0.703749097,0.999837182,0.950243538,15.62312598,86.13897813,47.78412654,0,92.08508253,21.72260932
Ctenotus_pantherinus,Lerista,Sphenomorphinae,terrestrial,0.39999,5,5,-1.894071269,0.146959538,16,95,24,40,NA,26,1,1,Boulenger 1896; Greer 1989 (presacral vertebrae numbers inferred for Ctenotus),"Boulenger, G. A. (1986). XXXIV.—Descriptions of four new lizards from Roebuck Bay, N.W. Australia, obtained by Dr. Dahl for the Christiania Museum. Journal of Natural History, 18(105), 232-235; Greer, A. E. (1989). The Biology and Evolution of Australian Lizards. Surrey Beatty and Sons. Chipping Norton, New South Wales.",14.84889275,22.66501159,3.314378023,10.48944183,23.93116951,29.28768143,1.464010216,0.381179394,0.962404668,-0.038320264,2.378159761,0.866326979,16.27594372,23.79306521,0,0,64.29528809,53.30649896,6.760906774,15.07109682,0,0,27.9722805,31.93037063,74.92824045,59.95254693,17.1157093,24.43819114,100.2697296,100,90,0.837354077,5.250312683,0.235024944,2.778752554,5.534215927,13.60630935,130.8359848,-24.22032089,6.856535808,44.20762891,22.35359571,0.857997407,10.74642839,44.21196401,25.07688792,-119217.8371,-25.10041213,-34507.77611,0.037556623,0.256092929,0.110937853,0.68477101,0.999654341,0.934492948,13.03446299,73.49371557,39.74615264,0,89.09342964,13.60634987
Ctenotus_piankai,Lerista,Sphenomorphinae,terrestrial,0.338357565,5,5,-1.037705401,-0.509689524,8.89,50.25,14.88,22.49,94.95,26,1,1,WAM-R30726 (Western Australian Museum specimen); Greer 1989 (presacral vertebrae numbers inferred for Ctenotus),"Greer, A. E. (1989). The Biology and Evolution of Australian Lizards. Surrey Beatty and Sons. Chipping Norton, New South Wales.",14.77477009,22.60523241,3.314378023,10.48944182,20.10163116,26.63776999,1.474023424,0.387995685,1.031166792,0.030690969,2.37587595,0.865366191,13.14225736,21.25519333,0,0,62.46118927,52.21579228,6.075813548,14.27000299,0,0,21.35050583,27.52050815,80.08568072,63.49636254,23.03125,28.67944874,100.1818619,100,90,0.763643693,5.013284082,0.280160666,3.034095237,3.811062813,11.25754271,128.1470459,-22.44612304,7.063093898,44.67653646,23.10830399,0.80470615,10.97894293,44.39098845,25.67445996,-124329.4813,-24.71375115,-37763.53856,0.037128492,0.251750734,0.102867857,0.666568999,0.999697192,0.930760707,11.75200211,66.18163326,35.64137933,0,91.38013707,11.79466814
Ctenotus_pulchellus,Lerista,Sphenomorphinae,terrestrial,0.434595409,5,5,-1.729349694,-0.084327629,14.76,72.95,21.01,37.16,145.6,26,1,1,NT-R16422 (Museum and Art Gallery of the Northern Territory specimen); Greer 1989 (presacral vertebrae numbers inferred for Ctenotus),"Greer, A. E. (1989). The Biology and Evolution of Australian Lizards. Surrey Beatty and Sons. Chipping Norton, New South Wales.",16.11050845,23.66441344,10.88316345,19.26248749,21.20315552,27.41736521,1.453714531,0.374122026,1.239973545,0.215090045,1.658702254,0.506035522,26.00838812,30.66277712,2.810861826,9.651576361,62.46118927,52.21579228,9.609988508,18.05921932,2.27965498,8.684028327,21.98848915,27.96413986,60.56803116,51.10105008,21.16430473,27.3901267,99.41305542,99.41305542,85.60613264,0.745909151,4.95458165,0.296454787,3.12116466,3.175545216,10.26496708,137.445494,-19.51263563,9.314390758,46.1970102,25.36777096,1.157250024,13.67292335,46.09336437,28.47062062,-131311.4516,-17.05207214,-45375.58185,0.036662453,0.275474319,0.101995915,0.620974752,0.999870154,0.902649398,12.2960599,67.14245727,37.72546814,0,88.6875815,11.20424718
Ctenotus_quattuordecimlineatus,Lerista,Sphenomorphinae,terrestrial,0.333320988,5,5,-1.348935921,-0.37222567,11.5,53,18,27,NA,26,1,1,Sternfeld 1919; Greer 1989 (presacral vertebrae numbers inferred for Ctenotus),"Sternfeld, R. (1919). Neue schlangen und echsen aus Zentralaustralien. Senckenbergiana, 1(3), 76-83; Greer, A. E. (1989). The Biology and Evolution of Australian Lizards. Surrey Beatty and Sons. Chipping Norton, New South Wales.",14.51240271,22.39263173,3.314378023,10.48944182,18.76278877,25.66829166,1.468947858,0.384546402,1.031166792,0.030690969,1.881604671,0.632124961,11.89295041,20.17334586,1.538374424,7.124813575,50.02763748,45.01583511,6.030014593,14.21498242,0.347943157,3.381652317,19.72187996,26.36533866,81.55088691,64.5626247,29.38796997,32.82716812,100.1818619,100,90,0.791675519,5.104708471,0.26989305,2.977926893,2.474096298,9.049784001,127.000243,-24.78119687,5.623060606,43.59942472,21.44695456,0.618511778,9.281204273,43.18674035,23.83220667,-118158.5653,-28.33743782,-32961.85046,0.037562798,0.240940442,0.106391853,0.700900949,0.999606513,0.944764076,11.9797529,69.21061804,36.50406741,0,91.93861957,12.86991796
Ctenotus_robustus,Lerista,Sphenomorphinae,terrestrial,0.38377362,5,5,-1.619363762,0.130734177,15.04,90.53,19.99,32.44,176.11,26,1,1,D'Amore et al. 2018 (avgs); Greer 1989 (presacral vertebrae numbers inferred for Ctenotus),"D'Amore, D. C., Meadows, D., Clulow, S., Doody, J. S., Rhind, D., & McHenry, C. R. (2018). Increasing dietary breadth through allometry: bite forces in sympatric Australian skinks. Herpetology Notes, 11, 179-187; Greer, A. E. (1989). The Biology and Evolution of Australian Lizards. Surrey Beatty and Sons. Chipping Norton, New South Wales.",14.6725215,22.5225661,2.997788668,9.970507488,26.58954811,31.04094801,1.408732523,0.34269038,0.556050003,-0.586897056,2.37587595,0.86536619,21.52427683,27.64181263,0,0,67.34540558,55.14915879,10.29982529,18.71938288,0,0,40.7420845,39.66481883,65.01141017,53.73565503,11.53195,19.85172908,100.3141251,100,90,1.498142618,7.030554998,0.244605333,2.834867748,39.46666336,38.91928633,141.1791255,-25.08535759,7.319464059,42.24203504,21.44365206,1.539979429,11.34051961,41.56383961,24.12954736,-84666.65832,-13.27950638,-20613.01205,0.057413506,0.297233364,0.152083226,0.802184098,0.999855611,0.962693028,16.73107311,83.72972133,48.23077683,0.046286501,92.02986692,22.86162203
Ctenotus_rubicundus,Lerista,Sphenomorphinae,terrestrial,0.333235662,5,5,-1.910901021,0.233034003,17.84,95.27,25.03,37.54,145.51,26,1,1,WAM-R140346 (Western Australian Museum specimen); Greer 1989 (presacral vertebrae numbers inferred for Ctenotus),"Greer, A. E. (1989). The Biology and Evolution of Australian Lizards. Surrey Beatty and Sons. Chipping Norton, New South Wales.",14.72110786,22.56187699,8.926129341,17.38351845,19.02077103,25.8570977,1.509920246,0.412056832,1.270137191,0.239124919,1.884487629,0.633655969,15.16649857,22.91977663,2.389409781,8.892273641,39.34571075,38.84837565,4.390608885,12.09526742,0.577174067,4.357071599,24.64134979,29.76214612,78.41786274,62.3178757,46.82785797,43.18127504,94.90381622,94.90381622,76.95317477,0.835160966,5.243413354,0.302525997,3.152994417,3.277792931,10.43073654,118.1483508,-22.32259669,9.511047473,47.36843604,25.22580522,0.746160385,13.54916612,49.19344373,28.64913215,-143362.4064,-24.92433044,-48786.23506,0.035960769,0.24668266,0.091601148,0.540376824,0.999767305,0.885160699,13.65269353,68.90432705,39.38351265,0,91.26862438,9.794228149
Ctenotus_schomburgkii,Lerista,Sphenomorphinae,terrestrial,0.454531681,5,5,-1.555247522,-0.007418704,15,77,18,33,123,26,1,1,Stirling & Zietz 1897; Greer 1989 (presacral vertebrae numbers inferred for Ctenotus),"Stirling, E. C., & Zietz, A. (1897). Vertebrata. Transactions of the Royal Society of South Australia, 16, 154-176; Greer, A. E. (1989). The Biology and Evolution of Australian Lizards. Surrey Beatty and Sons. Chipping Norton, New South Wales.",14.57541818,22.44383857,3.314378023,10.48944183,26.58954811,31.04094801,1.459518816,0.378106803,1.031166792,0.030690969,2.378159761,0.866326979,16.04424133,23.6127309,0,0,56.73926926,48.87310497,6.496075038,14.76611855,0,0,27.10491753,31.37410627,75.01725685,60.01141835,19.26638222,26.03594154,100.1818619,100,90,0.854537152,5.304061961,0.235024944,2.778752554,5.636754036,13.7342276,130.5154858,-26.87471316,5.582425042,42.84846296,20.63665956,0.664248322,9.01839286,42.78964663,23.20517225,-113209.5012,-27.46432384,-31633.97947,0.038128193,0.247431178,0.113086535,0.720434038,0.999604258,0.94336225,13.46635875,76.13362699,40.76229949,0,88.64190678,14.36144394
Ctenotus_septenarius,Lerista,Sphenomorphinae,terrestrial,0.441163495,5,5,-1.554065234,-0.250966336,12.3,65,19,34,NA,26,1,1,"King, Horner & Fyfe 1988 (holotype); Greer 1989 (presacral vertebrae numbers inferred for Ctenotus)","King, M., Horner, P., Fyfe, G. (1988). A new species of Ctenotus (Reptilia: Scincidae) from Central Australia, and a key to the Ctenotus leonhardii species group. The Beagle, Records of the Northern Territory Museum of Arts and Sciences, 1988, 5(1), 147-153; Greer, A. E. (1989). The Biology and Evolution of Australian Lizards. Surrey Beatty and Sons. Chipping Norton, New South Wales.",15.57276873,23.24249326,3.314378023,10.48944182,20.44317627,26.88115129,1.462535198,0.380171367,1.031166792,0.030690969,1.609894753,0.476168806,17.91204626,25.03844266,2.456703186,9.017651275,52.08327866,46.19397638,7.428147018,15.81584119,1.58136189,7.224197157,20.9338913,27.22820443,71.15124381,57.5128542,26.5940094,31.04384074,98.72667694,98.72667694,83.52085156,0.628823813,4.54823958,0.280202508,3.034322011,1.601999044,7.271436173,136.5315961,-24.62854976,4.689608643,44.78052522,21.730034,0.567298498,8.872539468,44.58063002,24.56959884,-126668.3055,-38.46706857,-44004.05473,0.037004911,0.227449637,0.088526285,0.670073507,0.999365091,0.917807103,11.02870041,70.94730584,35.47511757,0,73.02744757,8.490759439
Ctenotus_serventyi,Lerista,Sphenomorphinae,terrestrial,0.287226002,5,5,-1.132939864,-0.309251779,10.44,57.8,16.03,22.49,98.16,26,1,1,WAM-R165616 (Western Australian Museum specimen); Greer 1989 (presacral vertebrae numbers inferred for Ctenotus),"Greer, A. E. (1989). The Biology and Evolution of Australian Lizards. Surrey Beatty and Sons. Chipping Norton, New South Wales.",15.17671752,22.92793705,9.975896835,18.41191965,18.88865852,25.76053383,1.487703225,0.397233471,1.223324656,0.20157228,1.884487629,0.633655969,12.15938774,20.40801365,1.120103478,6.075273216,45.31284714,42.31051028,3.899299829,11.3888428,0.270826697,2.983077901,26.3976078,30.91634558,83.140978,65.75763231,31.06850815,33.8755813,100.0662766,100,90,0.846812001,5.279964342,0.322217852,3.254100313,4.025670528,11.57443007,121.5819115,-20.18957654,10.79139497,45.80576433,26.05730632,0.996940056,14.88937891,47.30459705,29.25435984,-136848.5372,-19.53579957,-46571.49496,0.036339619,0.264527827,0.097769754,0.548290572,0.999835596,0.886652176,14.22174258,70.03568138,40.81432217,0,91.65398645,10.5357022
Ctenotus_spaldingi,Lerista,Sphenomorphinae,terrestrial,0.435886259,5,5,-1.877616233,0.263198726,20,94,22,39,NA,26,1,1,Boulenger 1887; Greer 1989 (presacral vertebrae numbers inferred for Ctenotus),"Boulenger, G. A. (1887). Catalogue of the lizards in the British Museum (Natural History) (Vol. 3). Taylor & Francis, London;Greer, A. E. (1989). The Biology and Evolution of Australian Lizards. Surrey Beatty and Sons. Chipping Norton, New South Wales.",14.60126565,22.46481585,2.997788668,9.970507488,24.84157753,29.89507737,1.375685574,0.318952206,0.556050003,-0.586897056,1.658702254,0.506035522,23.09692661,28.72411409,1.771816373,7.649320984,67.34540558,55.14915879,11.85127104,20.13643168,1,5.739170477,47.00111389,43.28073298,61.27199885,51.51437586,11.53195,19.85172908,100.9104996,100,90,1.917056572,7.958616299,0.315029025,3.217556683,39.46666336,38.91928633,143.7457743,-25.99577848,6.990478638,40.86380477,20.5320063,1.754087236,10.88954371,39.79605099,23.09137121,-67728.82582,-10.2738829,-15028.6585,0.07071468,0.309755216,0.170275742,0.85453281,0.999910909,0.973945622,18.796672,87.08173606,51.72761642,0.112441715,92.00643796,27.97061656
Ctenotus_strauchii,Lerista,Sphenomorphinae,terrestrial,0.409072315,5,5,-0.96323417,-0.531957786,10,45,13,22,NA,26,1,1,Boulenger 1887; Greer 1989 (presacral vertebrae numbers inferred for Ctenotus),"Boulenger, G. A. (1887). Catalogue of the lizards in the British Museum (Natural History) (Vol. 3). Taylor & Francis, London;Greer, A. E. (1989). The Biology and Evolution of Australian Lizards. Surrey Beatty and Sons. Chipping Norton, New South Wales.",15.00090316,22.7872226,4.212228775,11.84338193,24.84157753,29.89507737,1.440551863,0.365026278,0.84396863,-0.169639954,1.637153029,0.492958776,22.71459558,28.4634674,2.613746643,9.30389213,66.02502441,54.34659749,9.215745255,17.67242053,1.58136189,7.224197156,36.10726547,36.93389621,65.19630423,53.84678313,15.30577374,23.03080259,99.09946442,99.09946442,84.55463414,0.945198496,5.579183999,0.235024944,2.778752554,11.83156013,20.11895475,141.4850003,-26.50595784,5.21406336,43.64323286,21.03744804,0.887753259,9.312719457,43.47630904,23.90174466,-106871.4101,-26.05031042,-30322.16814,0.040047809,0.256038248,0.116958971,0.751679891,0.999607587,0.947897859,13.53266933,79.60331596,42.11179221,0,86.55272075,14.07250817
Ctenotus_taeniolatus,Lerista,Sphenomorphinae,terrestrial,0.424229569,5,5,-1.572672068,-0.061231706,14,75,19,33,155,26,1,1,Boulenger 1887; Greer 1989 (presacral vertebrae numbers inferred for Ctenotus),"Boulenger, G. A. (1887). Catalogue of the lizards in the British Museum (Natural History) (Vol. 3). Taylor & Francis, London;Greer, A. E. (1989). The Biology and Evolution of Australian Lizards. Surrey Beatty and Sons. Chipping Norton, New South Wales.",14.54252062,22.41711725,6.851740837,15.17441914,24.84157753,29.89507737,1.327183304,0.28305888,0.556050003,-0.586897055,1.575576782,0.454621416,24.24162777,29.49567606,1.771816373,7.649320984,67.34540558,55.14915879,14.41460222,22.31297513,1.012123585,5.773972864,44.57559967,41.88591845,56.89599516,48.96374892,11.53195,19.85172908,99.29294586,99.29294586,85.17650223,2.502841566,9.102648811,0.315029025,3.217556682,17.98767662,25.09489979,148.5199628,-27.76611793,4.804194978,39.31635009,18.59273915,1.971605824,8.645626604,37.31300331,20.94210481,-36740.63069,-8.215197835,-5728.505339,0.097215821,0.319216327,0.197685562,0.953827431,0.999931082,0.993336602,20.41976175,92.63768885,55.38665854,0.206614502,92.10824436,35.70700911
Ctenotus_tanamiensis,Lerista,Sphenomorphinae,terrestrial,0.408232964,5,5,-2.016581597,0.065654499,16.68,85.55,25.99,43.92,184.75,26,1,1,NT-R14462 (Museum and Art Gallery of the Northern Territory specimen); Greer 1989 (presacral vertebrae numbers inferred for Ctenotus),"Greer, A. E. (1989). The Biology and Evolution of Australian Lizards. Surrey Beatty and Sons. Chipping Norton, New South Wales.",14.68576854,22.53328952,10.74106216,19.13139295,18.3099041,25.33440925,1.490281024,0.398964709,1.159097791,0.147641936,1.600323677,0.470205907,13.03055578,21.16030806,2.97292757,9.92865734,50.02763748,45.01583511,6.303870706,14.54114032,0.972479403,5.659385345,17.18510437,24.49093101,80.08814168,63.49812795,31.30790329,34.02362231,99.08491516,99.08491516,84.51068811,0.66246475,4.668578832,0.302378058,3.152222617,1.418871045,6.841108743,129.917583,-21.19496639,6.957230491,45.27768859,23.61718238,0.834933802,11.04045747,44.6391072,26.1182347,-123609.8067,-21.83745103,-39587.58494,0.037167305,0.254552248,0.099296096,0.697817708,0.999812135,0.939019061,10.46214147,59.37086147,32.21152214,0,92.0912321,10.67146093
Ctenotus_uber,Lerista,Sphenomorphinae,terrestrial,0.49299059,5,5,-1.587646455,-0.233150262,12.63,67.45,18.48,36.45,149.58,26,1,1,WAM-R144785 (Western Australian Museum specimen); Greer 1989 (presacral vertebrae numbers inferred for Ctenotus),"Greer, A. E. (1989). The Biology and Evolution of Australian Lizards. Surrey Beatty and Sons. Chipping Norton, New South Wales.",14.62649961,22.48528037,9.757751703,18.20235725,18.39167786,25.39492988,1.481516188,0.393066015,1.297713697,0.260604022,1.953799903,0.669776145,10.47769543,18.88639051,2.011218309,8.153026686,33.68816948,35.47974425,3.258396575,10.39948431,0.486239702,3.998530581,11.35094726,19.68882754,84.53431047,66.84222643,51.82261467,46.04451269,97.2089386,97.2089386,80.38280185,0.839461233,5.256933172,0.405508667,3.651040557,1.902359664,7.927853708,119.9129803,-26.11689751,6.514974744,44.19531094,21.55743146,0.624541808,9.741291258,44.52901334,24.10710609,-122199.6117,-24.75773933,-32950.51119,0.037352761,0.248891307,0.11587888,0.664828865,0.999709718,0.933972488,13.38863772,73.81565099,40.29573769,0,92.07313762,16.31258292
Ctenotus_youngsoni,Lerista,Sphenomorphinae,terrestrial,0.332668867,5,5,-1.59079008,0.092122281,14.8,84.72,20.42,30.6,130.26,26,1,1,WAM-R54825 (Western Australian Museum specimen); Greer 1989 (presacral vertebrae numbers inferred for Ctenotus),"Greer, A. E. (1989). The Biology and Evolution of Australian Lizards. Surrey Beatty and Sons. Chipping Norton, New South Wales.",13.82067262,21.82430404,10.36432171,18.78008676,15.98645782,23.56759433,1.424936935,0.354127557,1.28451705,0.250382811,1.503555894,0.407832899,6.427965102,14.68675403,1.330250382,6.623033124,40.45365143,39.49655694,1.738628921,7.576918995,0.319137752,3.238493231,19.70631409,26.35412989,90.63618285,72.18145005,47.4614563,43.54489601,98.00570679,98.00570679,81.8815835,1.165735384,6.198263562,0.577605605,4.358703277,2.206461906,8.542421965,113.4920833,-26.35631059,3.415199736,40.13802758,17.25065385,0.628132388,5.518608016,40.11079668,19.40825129,-106575.1065,-21.86090596,-31815.07755,0.038615401,0.263839223,0.117206881,0.679897425,0.999828217,0.932719045,19.90333909,77.05895848,47.43693962,0.082237379,92.07281651,16.46949014
Eremiascincus_fasciolatus,Hemiergis,Sphenomorphinae,terrestrial,0.181812672,5,5,-1.959391059,0.465639642,24,98,27,33,110,NA,1,1,Camaiti et al. 2022,"Camaiti, M., Evans, A. R., Hipsley, C. A., Hutchinson, M. N., Meiri, S., Anderson, R. O., ... & Chapple, D. G. (2022). A database of the morphology, ecology and literature of the world's limb-reduced skinks. Journal of Biogeography, 49(7), 1397-1406.",14.99645419,22.78365305,9.088409424,17.5459095,24.84157753,29.89507737,1.379482971,0.32170877,0.862548769,-0.147863588,1.547331214,0.43653165,25.17773818,30.11745196,3.693723202,11.08065359,61.07326126,51.39755365,13.1772369,21.28483635,4.543198586,12.30688562,28.34418869,32.16725657,58.71443517,50.01863385,16.07279396,23.63501,96.50402832,96.50402832,79.22368865,1.748654546,7.598861973,0.445287138,3.826181301,8.352334976,16.79834026,148.1274217,-23.36772312,6.659427504,42.79782431,21.72159938,1.716864352,11.80858642,41.25607039,24.63210899,-56538.2632,-9.431653782,-9510.286605,0.06177003,0.306484912,0.170543008,0.920252566,0.999922931,0.988992936,18.84311176,88.56727338,52.38556159,0,92.10518692,25.24281574
Eremiascincus_richardsonii,Hemiergis,Sphenomorphinae,sandy soil,0.29999,5,5,-1.648346514,0.192763158,18,83,21,30,NA,26,1,1,Camaiti et al. 2022,"Camaiti, M., Evans, A. R., Hipsley, C. A., Hutchinson, M. N., Meiri, S., Anderson, R. O., ... & Chapple, D. G. (2022). A database of the morphology, ecology and literature of the world's limb-reduced skinks. Journal of Biogeography, 49(7), 1397-1406.",14.63762329,22.49429693,3.314378023,10.48944182,26.58954811,31.04094801,1.455909463,0.375630766,0.808681488,-0.21235015,2.378159761,0.866326979,16.79798788,24.19563126,0,0,66.02502441,54.34659749,6.898353921,15.22719438,0,0,37.94073486,38.02174578,74.13371495,59.43010543,15.30577374,23.0308026,100.1818619,100,90,0.909045226,5.471111563,0.235024944,2.778752554,7.572750092,15.97311686,131.950663,-26.39407253,5.714747156,43.1850566,20.98390849,0.749653105,9.297763347,43.04646369,23.58612758,-112132.078,-25.70656916,-31218.34766,0.039834013,0.252262459,0.115692424,0.720941265,0.999642695,0.943140266,13.38671067,76.32375412,40.88268165,0,89.17940439,14.72692867
Eulamprus_quoyii,Glaphyromorphus,Sphenomorphinae,terrestrial,0.347818526,5,5,-2.242823179,0.341332311,24,95,30,46,190,26,1,1,Camaiti et al. 2022,"Camaiti, M., Evans, A. R., Hipsley, C. A., Hutchinson, M. N., Meiri, S., Anderson, R. O., ... & Chapple, D. G. (2022). A database of the morphology, ecology and literature of the world's limb-reduced skinks. Journal of Biogeography, 49(7), 1397-1406.",14.28985041,22.21104026,4.338903904,12.02276744,24.84157753,29.89507737,1.314625123,0.273551547,0.556050003,-0.586897055,1.575576782,0.454621416,23.6979919,29.13085356,1.771816373,7.649320984,66.02502441,54.34659749,13.82269834,21.82598553,1.012123585,5.773972864,47.00111389,43.28073298,57.46945645,49.29576368,15.30577374,23.0308026,99.29294586,99.29294586,85.17650223,2.497325163,9.092526742,0.344186336,3.363325425,17.98767662,25.09489979,148.0921936,-29.77164356,4.294615704,38.25619644,17.68772742,1.820799122,7.708198378,36.50440714,19.91599825,-38643.0919,-9.78683689,-6108.142591,0.098070323,0.311417405,0.19477437,0.942848746,0.999907219,0.992228478,20.80276345,94.00078036,55.72733223,0.20489235,92.10416814,34.67793065
Glaphyromorphus_darwiniensis,Glaphyromorphus,Sphenomorphinae,humus,0.355771692,5,5,-0.169981117,-0.401660829,7.99,50.94,7.55,11.72,78.99,28,1,1,Camaiti et al. 2022,"Camaiti, M., Evans, A. R., Hipsley, C. A., Hutchinson, M. N., Meiri, S., Anderson, R. O., ... & Chapple, D. G. (2022). A database of the morphology, ecology and literature of the world's limb-reduced skinks. Journal of Biogeography, 49(7), 1397-1406.",15.03815746,22.81709577,9.884332657,18.32420899,19.35056686,26.09704106,1.401344187,0.33743191,1.119648814,0.113015077,1.61150825,0.477170542,15.96051687,23.54730954,3.635204792,10.99142788,62.3482666,52.14900427,10.90213533,19.27993284,1.372980833,6.72904926,28.18799782,32.06788697,72.66152157,58.47556738,26.97416878,31.28977532,99.77367401,99.77367401,87.27319675,1.706161262,7.505427445,0.511486053,4.101195316,6.486678123,14.75519198,132.2219569,-12.73784411,16.98967126,44.52844488,27.95124405,3.403041394,22.4355,45.21162722,30.86257464,-80038.57019,-4.356789433,-12358.38333,0.041027344,0.36260737,0.182098342,0.81183984,0.999969511,0.979139585,21.38516105,86.30737344,56.35393293,0,92.11524442,28.88701094
Glaphyromorphus_fuscicaudis,Glaphyromorphus,Sphenomorphinae,humus,0.359059496,5,5,-1.333253295,0.094583992,14.1,83.7,16.6,25.9,115.3,26,1,1,Camaiti et al. 2022,"Camaiti, M., Evans, A. R., Hipsley, C. A., Hutchinson, M. N., Meiri, S., Anderson, R. O., ... & Chapple, D. G. (2022). A database of the morphology, ecology and literature of the world's limb-reduced skinks. Journal of Biogeography, 49(7), 1397-1406.",12.93115641,21.07558182,8.852667809,17.30956935,16.64565659,24.07868796,1.181023455,0.166381397,0.813970745,-0.205830853,1.4932971,0.400986494,30.4752743,33.5073635,6.230643272,14.45458698,67.34540558,55.14915879,18.30036689,25.32734396,5.558657646,13.63690139,40.7420845,39.66481882,49.23875609,44.56382252,11.53195,19.85172908,89.15985107,89.15985107,70.77711546,4.637032958,12.43534079,0.870334506,5.353005908,13.36964989,21.44730209,145.7123091,-17.51170806,12.45101884,38.43575286,22.56819745,4.738664955,16.08305356,36.79040007,24.58647163,-19057.53263,-5.534135464,-3511.298569,0.098085944,0.372381559,0.217376407,0.985538083,0.99996072,0.995920404,27.45613154,86.11104315,59.40730666,0.171961697,92.11327879,35.88984862
Glaphyromorphus_mjobergi,Glaphyromorphus,Sphenomorphinae,humus,0.297281228,5,5,-0.944893309,-0.003033344,13.55,67.33,13,18.5,121.15,29,1,1,Camaiti et al. 2022,"Camaiti, M., Evans, A. R., Hipsley, C. A., Hutchinson, M. N., Meiri, S., Anderson, R. O., ... & Chapple, D. G. (2022). A database of the morphology, ecology and literature of the world's limb-reduced skinks. Journal of Biogeography, 49(7), 1397-1406.",13.3836899,21.45911804,9.200413704,17.65723008,16.92646027,24.29392968,1.195693283,0.17872617,0.813970745,-0.205830853,1.481667519,0.393168156,31.62789859,34.22102661,7.211841106,15.57792504,62.56910324,52.27965537,17.81826268,24.96830477,5.064759731,13.00583075,31.02547646,33.84893759,48.67172379,44.23886425,17.56578445,24.77876107,80.59422302,80.59422302,63.8629434,4.535504426,12.29629687,1.236262798,6.383765916,13.36964989,21.44730209,145.5584839,-17.25202234,13.42006952,38.28222552,22.99414929,4.562911756,17.12204165,36.90974037,25.1427647,-14209.61579,-3.948092716,-1715.673194,0.103581276,0.372596702,0.219861614,0.993374251,0.999970965,0.998290063,27.99601806,88.64385342,61.09856074,0.087264237,92.11608628,36.66163415
Glaphyromorphus_pumilus,Glaphyromorphus,Sphenomorphinae,soil,0.271270037,5,5,0.08183429,-0.39325702,8.18,46,6.5,8.92,70.03,36,1,1,Camaiti et al. 2022,"Camaiti, M., Evans, A. R., Hipsley, C. A., Hutchinson, M. N., Meiri, S., Anderson, R. O., ... & Chapple, D. G. (2022). A database of the morphology, ecology and literature of the world's limb-reduced skinks. Journal of Biogeography, 49(7), 1397-1406.",13.74461409,21.76109527,2.997788668,9.970507488,17.99044991,25.09696825,1.370171184,0.314935684,0.813970745,-0.205830853,1.509033561,0.41146942,17.84280332,24.98667189,3.560238361,10.87610704,67.34540558,55.14915879,11.34038682,19.67928839,1.985593915,8.100571311,35.71291733,36.69840707,71.25650487,57.57944922,11.53195,19.85172908,100.3141251,100,90,2.132892181,8.397753837,0.644157708,4.60347828,13.36964989,21.44730209,143.6433941,-14.64468108,17.05294062,40.99514853,26.0478622,3.60612378,21.47429061,40.62861777,28.62110569,-54414.52743,-4.369189382,-6666.256469,0.0509141,0.363452749,0.198381794,0.93424034,0.999968983,0.990900512,28.28997599,89.64379803,61.99110534,0,92.11477104,33.02733059
Glaphyromorphus_punctulatus,Glaphyromorphus,Sphenomorphinae,soil,0.361499421,5,5,-0.168368569,-0.188856889,9.78,57.5,7.17,11.23,85.61,36,1,1,Camaiti et al. 2022,"Camaiti, M., Evans, A. R., Hipsley, C. A., Hutchinson, M. N., Meiri, S., Anderson, R. O., ... & Chapple, D. G. (2022). A database of the morphology, ecology and literature of the world's limb-reduced skinks. Journal of Biogeography, 49(7), 1397-1406.",14.59715113,22.46147762,9.337162018,17.79232144,21.12487221,27.36246162,1.374888113,0.318372355,0.821432829,-0.196705111,1.540281415,0.431965137,23.97425566,29.31660229,3.693723202,11.08065359,59.94298553,50.73514297,14.07225514,22.0323507,4.544419289,12.30856477,29.9449501,33.17648738,58.8536768,50.09967387,16.62400627,24.06203254,94.78036499,94.78036499,76.7932712,1.87480853,7.86986986,0.676520586,4.717957689,11.42093086,19.7519456,148.228302,-22.04539529,8.840090582,41.92736794,22.69064369,1.968016078,13.90209364,40.84771933,25.54003791,-51543.31778,-8.249732207,-7271.81921,0.059741471,0.316300219,0.177579442,0.941967377,0.999934854,0.991809238,22.13777589,90.43576698,56.24746404,0,92.10541661,25.99050057
Hemiergis_decresiensis,Hemiergis,Sphenomorphinae,soil,0.194760664,3,3,0.275281066,-0.37388797,7.77,45.66,5.87,7.29,59.17,40,1,1,Camaiti et al. 2022,"Camaiti, M., Evans, A. R., Hipsley, C. A., Hutchinson, M. N., Meiri, S., Anderson, R. O., ... & Chapple, D. G. (2022). A database of the morphology, ecology and literature of the world's limb-reduced skinks. Journal of Biogeography, 49(7), 1397-1406.",13.02183928,21.15288929,6.153367519,14.36273209,20.44016457,26.87901183,1.385801423,0.326278617,0.847497404,-0.165467503,1.507928014,0.410736532,19.81517293,26.4324479,2.99461174,9.965168976,53.56592941,47.04486304,8.517115099,16.96820432,1,5.739170477,24.61196899,29.74260972,67.83279944,55.44748514,28.34726524,32.16921222,95.00059509,95.00059509,77.07981586,1.505201326,7.047182086,0.409065545,3.667039766,13.42901421,21.49722688,139.455759,-33.613394,4.135482809,38.50221778,16.34237171,0.844303662,6.703188102,38.0442129,18.78673297,-83137.28916,-15.92478332,-13772.98331,0.046201561,0.278862953,0.154936066,0.861693161,0.999816918,0.981498472,16.38666513,93.19762809,51.49003102,0,92.09026334,22.96619194
Hemiergis_gracilipes,Hemiergis,Sphenomorphinae,humus,0.322238711,5,5,-0.482746007,-0.143789643,9.3,67.67,9.59,14.15,118.08,37,1,1,Camaiti et al. 2022,"Camaiti, M., Evans, A. R., Hipsley, C. A., Hutchinson, M. N., Meiri, S., Anderson, R. O., ... & Chapple, D. G. (2022). A database of the morphology, ecology and literature of the world's limb-reduced skinks. Journal of Biogeography, 49(7), 1397-1406.",12.86427211,21.01841474,8.743325233,17.19898598,16.82550812,24.21671305,1.37795386,0.320599689,1.04363811,0.042712791,2.287064791,0.827269245,8.492143158,16.94255843,0,0,39.79570007,39.11200024,2.171436269,8.473846255,0,0,16.90295219,24.27596517,86.31353672,68.28733043,45.11140823,42.19456139,98.64295197,98.64295197,83.31028786,5.61087203,13.70204329,1.138577938,6.125359844,16.75359154,24.16159252,116.3517202,-34.12856898,6.720289347,31.56897815,15.02600209,2.466156275,7.663267878,30.63569361,16.38017276,-20803.89111,-4.940630216,-2246.952113,0.076756414,0.352738427,0.219471242,0.990870636,0.999961711,0.997915483,28.13434333,96.13838173,63.47055524,0,92.11208873,42.85141745
Hemiergis_initialis,Hemiergis,Sphenomorphinae,soil,0.462506376,5,5,0.874934073,-0.761708841,4.98,36.73,3.16,5.88,46.84,39,1,1,Camaiti et al. 2022,"Camaiti, M., Evans, A. R., Hipsley, C. A., Hutchinson, M. N., Meiri, S., Anderson, R. O., ... & Chapple, D. G. (2022). A database of the morphology, ecology and literature of the world's limb-reduced skinks. Journal of Biogeography, 49(7), 1397-1406.",13.33803551,21.42067648,6.1217556,14.32500094,19.88282013,26.48103476,1.420570426,0.351058499,1.13901186,0.130161097,2.378159761,0.866326979,13.75562293,21.7702533,0,0,51.6714325,45.95783873,4.679798673,12.49347465,0,0,21.61995125,27.70844835,77.24658622,61.50999902,28.69164276,32.38771887,99.62873077,99.62873077,86.50669737,1.615312161,7.301751574,0.440511227,3.805576811,16.17974663,23.71832149,123.6047844,-32.03618246,4.907643054,36.38827768,16.3654963,0.903572561,6.768393167,35.35684642,18.11205422,-68111.26525,-13.99589146,-9437.92286,0.043006435,0.284253662,0.169550067,0.930260885,0.999861559,0.988962658,19.43817075,89.22986782,52.51431641,0,92.09470553,29.12898241
Hemiergis_millewae,Hemiergis,Sphenomorphinae,sandy soil,0.265543448,5,5,-0.105758899,-0.611582362,6.47,43.5,8.02,10.92,54.04,37,1,1,Camaiti et al. 2022,"Camaiti, M., Evans, A. R., Hipsley, C. A., Hutchinson, M. N., Meiri, S., Anderson, R. O., ... & Chapple, D. G. (2022). A database of the morphology, ecology and literature of the world's limb-reduced skinks. Journal of Biogeography, 49(7), 1397-1406.",12.73069082,20.90386005,8.822103119,17.27872025,19.61472092,26.28810708,1.408213946,0.342322196,1.220227766,0.199037535,1.509819603,0.411990175,17.03121825,24.37386373,4.639914703,12.4392661,46.56022339,43.02759525,7.273967865,15.64659113,2.132931495,8.397831791,16.81829758,24.21119077,71.48598287,57.72488511,35.77266922,36.73412523,91.65060577,91.65060577,73.20470497,1.054929816,5.895232945,0.428077394,3.751406441,2.60301764,9.284607744,135.2266667,-32.12111594,4.360733822,38.71309306,16.95217602,0.633098974,6.993011183,38.11410511,19.21988313,-88118.31734,-19.83283136,-15437.42738,0.040154562,0.262086644,0.141787703,0.848180978,0.999763677,0.978932095,16.18235714,89.84085982,49.35193373,0,92.0836279,19.45823687
Hemiergis_peronii,Hemiergis,Sphenomorphinae,sandy soil,0.28351668,4,4,-0.214049827,-0.294453941,9.12,52,8.01,11.18,87.67,38,1,1,Camaiti et al. 2022,"Camaiti, M., Evans, A. R., Hipsley, C. A., Hutchinson, M. N., Meiri, S., Anderson, R. O., ... & Chapple, D. G. (2022). A database of the morphology, ecology and literature of the world's limb-reduced skinks. Journal of Biogeography, 49(7), 1397-1406.",12.9032472,21.05174272,4.777070522,12.6247687,22.55362129,28.35326443,1.401269792,0.33737882,0.900291622,-0.105036544,1.950464427,0.668067512,14.31896599,22.23486367,1.309853435,6.571835353,51.5317955,45.87779152,5.193066971,13.17246811,0.5,4.054807228,23.69766712,29.13063476,76.32493281,60.88459347,28.42328644,32.21751584,98.40585709,98.40585709,82.74651125,2.005171714,8.140678425,0.434439495,3.779220593,28.11012745,32.01828296,129.4601153,-33.46849631,4.989252306,35.85357901,15.87118063,1.061050463,6.864786654,34.81995167,17.77159293,-58927.02919,-12.0798654,-8115.201478,0.052183452,0.296019945,0.176985402,0.937814255,0.999884975,0.990371811,20.46098937,92.83957612,55.43921094,0,92.0970302,30.38639808
Hemiergis_quadrilineata,Hemiergis,Sphenomorphinae,sandy soil,0.316242297,2,2,0.198713617,-0.380994997,7.11,51.46,5.88,8.6,69.31,39,1,1,Camaiti et al. 2022,"Camaiti, M., Evans, A. R., Hipsley, C. A., Hutchinson, M. N., Meiri, S., Anderson, R. O., ... & Chapple, D. G. (2022). A database of the morphology, ecology and literature of the world's limb-reduced skinks. Journal of Biogeography, 49(7), 1397-1406.",12.87489644,21.02750397,8.743325233,17.19898598,22.17935944,28.09595953,1.398514845,0.335410849,1.13901186,0.130161097,2.368062735,0.862072209,7.086274081,15.43830277,0,0,42.19155502,40.50770256,1.82825257,7.770930478,0,0,15.4200449,23.12158734,88.30989696,70.00684202,41.93149185,40.35678284,99.51795959,99.51795959,86.018801,3.765170204,11.18867568,1.001569867,5.743688717,13.43389702,21.50132912,115.7528434,-31.7403749,7.010594608,36.29157232,16.95139303,2.318516959,8.39815356,35.92905911,18.74959026,-64935.43029,-5.208508083,-8706.466884,0.043130337,0.349878129,0.195735217,0.920101617,0.999960361,0.987623765,21.18354774,93.56896572,56.61669647,0,92.11264444,36.60527663
Lerista_aericeps,Lerista,Sphenomorphinae,sand,0.567739738,4,4,0.349420473,-0.703590834,5.847387338,42.3,4.3146,9.9828,51.7752,41,1,1,Camaiti et al. 2022,"Camaiti, M., Evans, A. R., Hipsley, C. A., Hutchinson, M. N., Meiri, S., Anderson, R. O., ... & Chapple, D. G. (2022). A database of the morphology, ecology and literature of the world's limb-reduced skinks. Journal of Biogeography, 49(7), 1397-1406.",15.09433637,22.86208654,7.424077511,15.81139479,20.44317627,26.88115129,1.471156954,0.386049135,1.165632606,0.153263949,1.637153029,0.492958775,17.81993149,24.96955408,2.613746643,9.30389213,59.02964401,50.20214765,7.141367876,15.49970287,1.58136189,7.224197157,19.78114319,26.40798281,72.50134328,58.37270382,25.12554932,30.08299347,99.09946442,99.09946442,84.55463415,0.653561561,4.63703191,0.235024944,2.778752554,3.241153479,10.37162595,137.4590739,-25.9478045,5.375719638,44.07913668,21.4470177,0.628235772,9.192763359,44.18513591,24.24654475,-124510.8737,-35.54935302,-40615.98363,0.037138918,0.235109677,0.095129749,0.675395262,0.99940383,0.923948985,11.75009219,73.40410779,37.49250954,0,81.51028163,9.771629304
Lerista_allochira,Lerista,Sphenomorphinae,terrestrial,0.510333193,2,3,0.704158743,-0.805247511,5.184,35.954,3.482,7.112,32.14218708,NA,1,1,Camaiti et al. 2022,"Camaiti, M., Evans, A. R., Hipsley, C. A., Hutchinson, M. N., Meiri, S., Anderson, R. O., ... & Chapple, D. G. (2022). A database of the morphology, ecology and literature of the world's limb-reduced skinks. Journal of Biogeography, 49(7), 1397-1406.",15.4898784,23.17693237,11.64204407,19.95026945,18.91884041,25.78261717,1.451800826,0.372804735,1.333020091,0.287447113,1.514676809,0.415202089,10.00056998,18.43549311,2.792387247,9.619503825,33.84638214,35.57558492,2.852284016,9.723116879,0.646976829,4.613562499,27.91293526,31.89248226,85.49907693,67.61670664,48.09324265,43.90724354,95.81106567,95.81106567,78.18988473,0.919813188,5.50351923,0.420835972,3.719496397,2.448083639,9.001686093,113.9562129,-22.3016135,11.03027611,43.46171913,24.398166,0.613503676,14.87129244,45.86404071,27.86600826,-126480.0369,-30.23208524,-48408.88818,0.036949816,0.235777371,0.083247229,0.553619735,0.999756105,0.870773158,18.06356167,75.27557005,44.81040903,0,90.92346675,7.255100945
Lerista_ameles,Lerista,Sphenomorphinae,soil,0,0,0,3.135070659,0.121438313,5,58,0,0,NA,50,0,0,Camaiti et al. 2022,"Camaiti, M., Evans, A. R., Hipsley, C. A., Hutchinson, M. N., Meiri, S., Anderson, R. O., ... & Chapple, D. G. (2022). A database of the morphology, ecology and literature of the world's limb-reduced skinks. Journal of Biogeography, 49(7), 1397-1406.",15.76345094,23.39277299,11.22800255,19.57753155,17.83939743,24.98412339,1.409446773,0.343197268,1.218604445,0.197706306,1.513963342,0.414730942,29.49938776,32.897198,8.053987503,16.48686214,58.21255112,49.72686381,15.30589173,23.03089648,8.97914505,17.43671561,23.30257797,28.86368734,51.72659047,45.98946018,22.48160553,28.30387231,77.86912537,77.86912537,61.93748664,1.498347759,7.03103876,1.105664849,6.035843285,2.633087158,9.33855787,144.4390448,-18.09834134,10.33201118,44.42856333,23.8691992,1.994306575,16.39434542,43.28683394,27.13741665,-82664.2627,-6.737457751,-11285.83722,0.040611359,0.329113892,0.173815766,0.853341352,0.999951283,0.984409427,18.82639937,88.99949907,54.29707766,0,92.10988966,25.8578531
Lerista_apoda,Lerista,Sphenomorphinae,sand,0,0,0,3.167582227,0.232616663,4.322,74.594,0,0,39.442,69,0,0,Camaiti et al. 2022,"Camaiti, M., Evans, A. R., Hipsley, C. A., Hutchinson, M. N., Meiri, S., Anderson, R. O., ... & Chapple, D. G. (2022). A database of the morphology, ecology and literature of the world's limb-reduced skinks. Journal of Biogeography, 49(7), 1397-1406.",15.33490731,23.05397455,12.62257385,20.81076636,17.81685638,24.96725194,1.457256273,0.376555403,1.292510867,0.256586735,1.519700408,0.418513215,6.310666228,14.54914865,3.980579376,11.5085343,36.94231033,37.43073241,1.608714646,7.286743745,0.962519526,5.630235664,17.74524117,24.91359407,91.78253501,73.34182723,43.50990295,41.2709263,94.98944855,94.98944855,77.06517113,0.941428776,5.56801197,0.418316722,3.708331058,3.284537792,10.44158321,122.6717426,-17.34862525,10.73057705,42.92307365,24.83144816,1.454305131,14.58981217,43.69913578,27.62774131,-129517.446,-14.41145722,-42444.11194,0.036924319,0.295567177,0.120200341,0.568810899,0.999907733,0.882437034,16.51320919,74.38512964,45.81318442,0.023714115,92.09224277,14.49236663
Lerista_arenicola,Lerista,Sphenomorphinae,sand,0.420501443,5,5,-0.377855352,-0.526933813,7.523711129,49.1,8.5925,14.8282,57.447,NA,1,1,Camaiti et al. 2022,"Camaiti, M., Evans, A. R., Hipsley, C. A., Hutchinson, M. N., Meiri, S., Anderson, R. O., ... & Chapple, D. G. (2022). A database of the morphology, ecology and literature of the world's limb-reduced skinks. Journal of Biogeography, 49(7), 1397-1406.",13.71675499,21.73790609,8.647297859,17.10135219,21.11348915,27.35447198,1.347345339,0.298136241,1.199966788,0.18229388,1.523032427,0.420703365,14.99239329,22.78039449,1.000043392,5.739295411,39.70289612,39.05767354,4.664281604,12.47241074,0.241806835,2.818591252,17.00931931,24.35717026,71.46002006,57.70841315,38.76700211,38.50855836,98.12418365,98.12418365,82.12800176,1.429487971,6.866778669,0.586336195,4.391585114,3.329955101,10.51434214,131.9973781,-32.37725941,5.702393948,34.39662674,16.26623628,0.834650238,7.581218069,33.69166528,17.98720354,-65179.77688,-13.13718654,-8995.957684,0.042819067,0.285882939,0.159185245,0.95305294,0.999876787,0.990457561,20.39926362,87.58318099,51.90766319,0,92.09448571,22.70965908
Lerista_axillaris,Lerista,Sphenomorphinae,sandy soil,0.861866261,2,3,0.346037208,-0.451700216,7.7575,61.2725,2.19,15.86043993,51.8570305,NA,1,1,Camaiti et al. 2022,"Camaiti, M., Evans, A. R., Hipsley, C. A., Hutchinson, M. N., Meiri, S., Anderson, R. O., ... & Chapple, D. G. (2022). A database of the morphology, ecology and literature of the world's limb-reduced skinks. Journal of Biogeography, 49(7), 1397-1406.",13.96315955,21.94232685,10.92721558,19.30297462,15.80809021,23.4278469,1.469218141,0.384730382,1.399621844,0.336202089,1.644849539,0.497648914,4.390209873,12.09470949,2.103013992,8.338305477,8.551839828,17.00380961,1.179970719,6.2361429,0.537962317,4.206188393,2.952656507,9.89440817,92.73651109,74.36497181,81.37203217,64.43077463,96.87445068,96.87445068,79.81702818,1.466198318,6.954821894,0.868487954,5.347307707,2.034397602,8.200195479,114.2107355,-27.91573811,8.15278266,39.54517252,19.80693415,1.045587493,10.68794276,40.98762208,22.35862065,-95088.68928,-9.510199393,-20768.08388,0.039362085,0.304756855,0.14430102,0.70330367,0.999928173,0.951113375,21.09959236,90.19525223,53.82093619,0,92.09896679,20.57819153
Lerista_baynesi,Lerista,Sphenomorphinae,sandy soil,0.914417783,1,2,1.189281013,-0.198691079,7.765408178,69.7,0.697,8.1549,57.154,NA,1,1,Camaiti et al. 2022,"Camaiti, M., Evans, A. R., Hipsley, C. A., Hutchinson, M. N., Meiri, S., Anderson, R. O., ... & Chapple, D. G. (2022). A database of the morphology, ecology and literature of the world's limb-reduced skinks. Journal of Biogeography, 49(7), 1397-1406.",13.99428627,21.96804202,8.342987061,16.78865853,18.80076981,25.69615059,1.389018784,0.328597587,1.213222384,0.193279947,1.523032427,0.420703365,17.83001986,24.97710551,1.000043392,5.739295411,43.72125626,41.39302236,4.791050032,12.64353296,0.241806835,2.818591252,19.09098244,25.90831225,72.32122595,58.25725758,39.66490936,39.03543014,98.12418365,98.12418365,82.12800176,1.246652604,6.410647058,0.520778656,4.138346917,2.307059765,8.736475615,126.1583288,-32.1892055,5.255690908,34.80611887,16.28480741,0.738621708,7.010672686,33.56087464,17.79044088,-67809.58279,-15.58794818,-9368.343179,0.042433767,0.273157269,0.159299611,0.950218674,0.999838571,0.990017549,19.56565575,84.47379007,49.82138825,0,92.09196198,24.79990434
Lerista_bipes,Lerista,Sphenomorphinae,sand,0.999880728,0,2,1.677483589,-0.758377883,4.886575395,49.9,0,8.3832,42.4649,44,0,1,Camaiti et al. 2022,"Camaiti, M., Evans, A. R., Hipsley, C. A., Hutchinson, M. N., Meiri, S., Anderson, R. O., ... & Chapple, D. G. (2022). A database of the morphology, ecology and literature of the world's limb-reduced skinks. Journal of Biogeography, 49(7), 1397-1406.",14.92645379,22.72743205,3.314378023,10.48944182,21.20315552,27.41736521,1.473423013,0.387588274,1.031166792,0.030690969,2.37587595,0.865366191,14.23115737,22.16295394,0,0,64.29528809,53.30649896,6.080066439,14.27510234,0,0,27.91293526,31.89248226,78.40383371,62.3081075,21.34994507,27.52011612,100.1818619,100,90,0.760007178,5.001302582,0.235024944,2.778752554,5.071941376,13.0152102,128.2244539,-23.21124866,7.034218445,44.71064044,22.93688889,0.757495993,10.92183501,44.67541353,25.61316932,-125853.6292,-28.44934854,-39100.18403,0.037046118,0.246960392,0.101397566,0.652831938,0.999593874,0.923220533,12.1600072,68.69282152,36.85777142,0,87.97107819,11.61671548
Lerista_borealis,Lerista,Sphenomorphinae,sandy soil,0.485620098,2,3,0.335568963,-0.320365997,7.182,57.138,4.524,8.796,63.10819772,40,1,1,Camaiti et al. 2022,"Camaiti, M., Evans, A. R., Hipsley, C. A., Hutchinson, M. N., Meiri, S., Anderson, R. O., ... & Chapple, D. G. (2022). A database of the morphology, ecology and literature of the world's limb-reduced skinks. Journal of Biogeography, 49(7), 1397-1406.",15.36329501,23.07653593,9.271729469,17.72779334,18.88865852,25.76053383,1.460252272,0.37860921,1.18944037,0.173482919,2.37587595,0.865366191,14.78476268,22.61329855,0,0,64.29528809,53.30649896,5.031384761,12.96215911,0,0,23.91750336,29.27850453,77.15354948,61.44647007,23.03125,28.67944874,99.61566162,99.61566162,86.44566714,0.939353939,5.561853483,0.323061943,3.258364386,5.071941376,13.0152102,127.7568016,-16.77940352,12.16640831,46.85882032,27.25655675,1.80724653,17.19149388,46.89694766,30.36540381,-133009.9907,-9.012267002,-35897.15769,0.036587869,0.313026449,0.131184923,0.593074858,0.999938245,0.915582201,12.71927729,71.50431498,41.11636311,0,92.10848996,17.16831626
Lerista_bougainvillii,Lerista,Sphenomorphinae,soil,0.389849232,5,5,-0.308720114,-0.493715702,6.41,56.4,8.602735978,14.1,63.7,37,1,1,Camaiti et al. 2022,"Camaiti, M., Evans, A. R., Hipsley, C. A., Hutchinson, M. N., Meiri, S., Anderson, R. O., ... & Chapple, D. G. (2022). A database of the morphology, ecology and literature of the world's limb-reduced skinks. Journal of Biogeography, 49(7), 1397-1406.",13.23083917,21.33019633,4.212228775,11.84338193,26.58954811,31.04094801,1.351623793,0.301306679,0.705336094,-0.349080861,1.574568152,0.453981045,19.92283264,26.50974405,2.814395905,9.657699974,61.28381348,51.52132421,10.50304207,18.91008693,1,5.739170477,37.94073486,38.02174578,64.14075442,53.21414504,17.52420616,24.7474445,97.21162415,97.21162415,80.38747371,2.551651876,9.191741844,0.294413686,3.110390837,39.46666336,38.91928633,142.7409391,-34.41244378,3.585520576,36.31134796,15.37405509,1.310998413,5.857812204,34.64364346,17.37357603,-43771.28975,-11.67635694,-7377.299344,0.091223418,0.303029193,0.188996652,0.930853492,0.999876783,0.990026394,19.89695759,95.11111469,55.89191182,0.096769178,92.09965696,34.37802411
Lerista_carpentariae,Lerista,Sphenomorphinae,sandy soil,0.999550212,0,1,2.336382997,-0.189224896,5.63,59.352,0,2.222269028,46.89765267,52,0,1,Camaiti et al. 2022,"Camaiti, M., Evans, A. R., Hipsley, C. A., Hutchinson, M. N., Meiri, S., Anderson, R. O., ... & Chapple, D. G. (2022). A database of the morphology, ecology and literature of the world's limb-reduced skinks. Journal of Biogeography, 49(7), 1397-1406.",14.76884078,22.60044514,11.70027733,20.00222785,17.24047279,24.5329502,1.449391889,0.371144082,1.211981297,0.192256456,1.545503616,0.435349822,12.38057051,20.60114465,2.646003485,9.361640013,48.58412933,44.18865741,9.119358027,17.57673057,2.821943283,9.670765074,20.76625824,27.10998903,78.76651227,62.56138138,40.04267883,39.25647568,99.80693054,99.80693054,87.48163155,1.183582622,6.245717984,0.535474956,4.196435645,4.328281403,12.00782176,136.26047,-15.15892701,12.1919781,44.02191002,25.45665155,2.459607647,17.36983408,43.41832682,28.16904113,-102204.9329,-9.219968057,-22367.54598,0.039087266,0.334138699,0.156525806,0.724539093,0.999937707,0.955599277,18.17627087,75.86635256,48.22178239,0.016142833,92.10586788,21.40687718
Lerista_chordae,Lerista,Sphenomorphinae,sandy soil,0.546420302,4,4,0.375674244,-0.856625803,5.032505,38.27,4.481417,9.881314,45.778574,38,1,1,Camaiti et al. 2022,"Camaiti, M., Evans, A. R., Hipsley, C. A., Hutchinson, M. N., Meiri, S., Anderson, R. O., ... & Chapple, D. G. (2022). A database of the morphology, ecology and literature of the world's limb-reduced skinks. Journal of Biogeography, 49(7), 1397-1406.",14.65611089,22.50927622,12.52392387,20.72552616,17.31318665,24.58805183,1.473135594,0.387393186,1.340043664,0.292702199,1.547331214,0.43653165,18.89426588,25.76463762,4.384229183,12.08634401,53.65099716,47.0937307,9.011115817,17.46872739,4.63371563,12.43082072,17.69478226,24.87573661,71.40940809,57.67631559,21.1274147,27.36424595,96.50402832,96.50402832,79.22368865,0.85231722,5.297148264,0.53134495,4.180192319,1.909650922,7.943129792,145.352332,-21.7437127,7.6725501,46.04643548,23.8700561,1.253143775,13.13674552,46.16261369,27.38098924,-101494.9497,-12.79735293,-24670.2091,0.038803311,0.285457234,0.125362426,0.768630114,0.999898918,0.967696022,15.3490454,80.82209839,46.37146187,0,92.09948139,15.87634912
Lerista_christinae,Lerista,Sphenomorphinae,sandy soil,0.437461091,4,4,0.076230747,-0.897903597,5.412184792,35.135,6.3243,11.2432,40.145,NA,1,1,Camaiti et al. 2022,"Camaiti, M., Evans, A. R., Hipsley, C. A., Hutchinson, M. N., Meiri, S., Anderson, R. O., ... & Chapple, D. G. (2022). A database of the morphology, ecology and literature of the world's limb-reduced skinks. Journal of Biogeography, 49(7), 1397-1406.",12.18560459,20.43098403,7.09706974,15.45035147,22.17935944,28.09595953,1.448315142,0.37040091,1.226478577,0.204147118,1.697521925,0.529169496,6.488249536,14.75701971,0.63297075,4.563243877,30.96803093,33.81335348,1.662531255,7.408295989,0.157744482,2.27621859,9.955342293,18.39226143,89.79237112,71.36768512,50.02278519,45.01305495,98.50534058,98.50534058,82.97766404,1.815631329,7.743895822,0.826258421,5.215314078,5.608457565,13.69903735,115.8267474,-30.61119345,7.172920759,39.17525745,18.38086121,1.337803515,8.936162855,39.54765891,20.57161829,-91207.92472,-7.535685207,-14775.22859,0.039800247,0.322349679,0.170793469,0.795188166,0.9999413,0.973823664,18.53783986,90.99908265,53.15467358,0,92.10650579,29.78617284
Lerista_cinerea,Lerista,Sphenomorphinae,sandy soil,0.999759152,0,1,2.074221045,-0.441782266,4.744,59.3,0,4.151,59.893,49,0,1,Camaiti et al. 2022,"Camaiti, M., Evans, A. R., Hipsley, C. A., Hutchinson, M. N., Meiri, S., Anderson, R. O., ... & Chapple, D. G. (2022). A database of the morphology, ecology and literature of the world's limb-reduced skinks. Journal of Biogeography, 49(7), 1397-1406.",15.25606028,22.99122026,11.04769421,19.41333928,17.82125282,24.97054323,1.450837112,0.372140708,1.219267964,0.198250649,1.540281415,0.431965137,21.38373181,27.54372993,5.104750633,13.05798042,57.47572327,49.29939509,10.74954239,19.13923763,5.640312672,13.73864733,18.77737808,25.67899542,67.03987679,54.96273585,30.7196846,33.65930712,90.0873642,90.0873642,71.64864056,1.351230841,6.675293148,0.851509213,5.294629613,2.840460777,9.702748617,146.1330108,-20.1432508,10.14615227,44.87595483,24.34981311,1.721778768,15.81922565,44.24564504,27.63592353,-81517.26778,-8.447237085,-11689.69119,0.040740479,0.313051251,0.166140643,0.852426863,0.999935795,0.984666647,18.91579454,85.88589129,52.91470407,0,92.10650609,23.97972288
Lerista_connivens,Lerista,Sphenomorphinae,sandy soil,0.999898467,0,2,1.462041457,-0.358097676,7.516,65.974,0,9.848,36.862,43,0,1,Camaiti et al. 2022,"Camaiti, M., Evans, A. R., Hipsley, C. A., Hutchinson, M. N., Meiri, S., Anderson, R. O., ... & Chapple, D. G. (2022). A database of the morphology, ecology and literature of the world's limb-reduced skinks. Journal of Biogeography, 49(7), 1397-1406.",14.91329226,22.7168492,7.225494862,15.59303927,18.23427582,25.27834348,1.436660835,0.362321556,1.276872277,0.244413554,1.874846339,0.628526704,9.207957153,17.66470552,1.000055432,5.739330076,47.54896927,43.59509979,2.576066904,9.235994968,0.241813585,2.818630624,27.10491753,31.37410628,87.06126204,68.91794607,41.88991547,40.33264331,98.50621796,98.50621796,82.97973581,0.943886532,5.575298339,0.372014284,3.496810368,2.875852585,9.763597308,114.2556513,-25.29721186,9.393611169,42.47999891,22.54716785,0.596597356,12.82584261,44.76239964,25.81396348,-106357.8779,-23.65875252,-34443.67851,0.038423221,0.25159555,0.102037723,0.630220774,0.999808401,0.912402186,20.65008458,83.50155581,50.61005328,0,92.01472036,11.61865099
Lerista_desertorum,Lerista,Sphenomorphinae,sandy soil,0.751527141,2,3,0.397832827,-0.19180288,7.859612936,73.4,2.8626,11.5238,75.7488,44,1,1,Camaiti et al. 2022,"Camaiti, M., Evans, A. R., Hipsley, C. A., Hutchinson, M. N., Meiri, S., Anderson, R. O., ... & Chapple, D. G. (2022). A database of the morphology, ecology and literature of the world's limb-reduced skinks. Journal of Biogeography, 49(7), 1397-1406.",14.49083455,22.3750841,3.314378023,10.48944182,20.04374504,26.59636842,1.462182126,0.379929927,1.031166792,0.030690969,1.848999023,0.614644424,12.92308207,21.06868724,1.697042823,7.485229309,50.11664581,45.06683319,6.533768235,14.80987381,0.765146077,5.018225835,19.72187996,26.36533866,78.41768139,62.31774941,26.5940094,31.04384074,100.0067825,100,90,0.773705914,5.046290097,0.235024944,2.778752554,2.474096298,9.049784001,130.2864116,-27.1974059,4.298948,42.44935662,19.75758376,0.510127916,7.811400558,41.78989178,22.08295546,-112210.312,-33.57394961,-29612.9457,0.038027853,0.233002348,0.108964749,0.73491518,0.99942425,0.952602623,12.35382511,75.12919076,38.49009371,0,88.8806267,13.26089092
Lerista_distinguenda,Lerista,Sphenomorphinae,soil,0.474855854,4,4,0.236385588,-0.75594423,5.911337209,38.5,5.236,9.9715,44.275,36,1,1,Camaiti et al. 2022,"Camaiti, M., Evans, A. R., Hipsley, C. A., Hutchinson, M. N., Meiri, S., Anderson, R. O., ... & Chapple, D. G. (2022). A database of the morphology, ecology and literature of the world's limb-reduced skinks. Journal of Biogeography, 49(7), 1397-1406.",12.56259572,20.75897537,5.34191227,13.36335973,26.58954811,31.04094801,1.4281076,0.356350211,1.040892482,0.040078501,2.378159761,0.866326979,11.54893069,19.86695433,0,0,51.06774139,45.61181726,3.481591308,10.75386028,0,0,21.61995125,27.70844835,81.95268751,64.86064809,29.2205162,32.72177166,99.62873077,99.62873077,86.50669737,2.099822107,8.331930252,0.440511227,3.805576811,16.75359154,24.16159252,120.7113408,-32.38868013,5.553963422,36.69990703,16.54067999,1.155363783,7.277778371,35.98911161,18.44878791,-65308.6174,-10.4072954,-9075.051416,0.04642765,0.303768535,0.180739483,0.913485089,0.999908303,0.987453713,20.65513635,92.18601834,55.50195471,0,92.10080124,32.78993772
Lerista_dorsalis,Lerista,Sphenomorphinae,sandy soil,0.555502,4,4,0.289531039,-0.65234094,5.775604714,46.1,4.61,10.3725,50.71,40,1,1,Camaiti et al. 2022,"Camaiti, M., Evans, A. R., Hipsley, C. A., Hutchinson, M. N., Meiri, S., Anderson, R. O., ... & Chapple, D. G. (2022). A database of the morphology, ecology and literature of the world's limb-reduced skinks. Journal of Biogeography, 49(7), 1397-1406.",13.62187507,21.65878148,6.19431448,14.41147093,26.58954811,31.04094801,1.399608436,0.336192509,1.121429563,0.114604267,2.375361443,0.865149612,16.26850511,23.78729188,0,0,51.6714325,45.95783873,5.844994756,13.99069063,0,0,24.61196899,29.74260972,72.58204903,58.4245082,28.69164276,32.38771887,99.49227905,99.49227905,85.91395297,1.264266121,6.455966389,0.251080275,2.87217459,7.173991203,15.53595738,130.7155513,-32.24768801,4.902508655,36.81538681,16.60722595,0.749271929,7.115735982,36.05373205,18.5771192,-76094.49835,-17.33110388,-12122.01823,0.041824648,0.271762314,0.154150981,0.900102965,0.999803348,0.984962478,18.09337262,87.77576519,50.31287297,0,92.08919174,23.44909455
Lerista_edwardsae,Lerista,Sphenomorphinae,sandy soil,0.999907323,0,2,1.372342498,-0.241902502,8.509569578,72.9,0,10.7892,63.7875,NA,0,1,Camaiti et al. 2022,"Camaiti, M., Evans, A. R., Hipsley, C. A., Hutchinson, M. N., Meiri, S., Anderson, R. O., ... & Chapple, D. G. (2022). A database of the morphology, ecology and literature of the world's limb-reduced skinks. Journal of Biogeography, 49(7), 1397-1406.",13.44178839,21.50795763,6.861871719,15.18590341,26.58954811,31.04094801,1.388711945,0.328376659,1.121429563,0.114604267,1.518867135,0.417964751,14.57350799,22.44228768,2.619706869,9.314588442,50.71334076,45.40872802,5.856333991,14.00453156,1,5.739170477,20.46609879,26.89743119,72.40051821,58.30805123,31.42333603,34.09489514,94.97153473,94.97153473,77.0416676,1.137752755,6.123131276,0.361543745,3.44718904,3.547593117,10.85654004,135.3339778,-32.29166508,4.776534129,37.42229963,16.65780228,0.742352752,7.209468448,36.90652418,18.83539473,-81163.67388,-16.43530061,-13097.59013,0.04087791,0.274089496,0.14862059,0.879317706,0.999826084,0.982963486,17.34802245,89.58214586,50.38129558,0,92.08872009,20.47436123
Lerista_elegans,Lerista,Sphenomorphinae,sandy soil,0.447605903,4,4,0.276999634,-0.679126407,5.8,42.23,5.202,9.418,42.634,NA,1,1,Camaiti et al. 2022,"Camaiti, M., Evans, A. R., Hipsley, C. A., Hutchinson, M. N., Meiri, S., Anderson, R. O., ... & Chapple, D. G. (2022). A database of the morphology, ecology and literature of the world's limb-reduced skinks. Journal of Biogeography, 49(7), 1397-1406.",13.98413142,21.95965528,6.176954746,14.39082621,23.93116951,29.28768143,1.442666102,0.366492861,1.067402482,0.06522811,2.377507687,0.866052749,8.864605126,17.32160469,0,0,47.54896927,43.59509979,2.51504708,9.125006202,0,0,27.91293526,31.89248226,86.80000734,68.69589745,34.61087799,36.03717963,99.51795959,99.51795959,86.018801,1.483739576,6.996507925,0.360103041,3.440305605,13.43389702,21.50132912,115.0192192,-27.86487869,8.447955875,40.44713035,20.49268719,1.118061699,11.10438357,41.76720744,23.20108098,-96494.0547,-15.94774304,-25824.92121,0.03995073,0.287908864,0.13656862,0.714708662,0.999868935,0.937808692,20.22848808,87.01986205,52.19924568,0,92.03028901,20.6052312
Lerista_emmotti,Lerista,Sphenomorphinae,sandy soil,0.653776883,2,2,0.386087907,-0.003941608,9.9,72.6,3.267,9.438,76.3752,NA,1,1,Camaiti et al. 2022,"Camaiti, M., Evans, A. R., Hipsley, C. A., Hutchinson, M. N., Meiri, S., Anderson, R. O., ... & Chapple, D. G. (2022). A database of the morphology, ecology and literature of the world's limb-reduced skinks. Journal of Biogeography, 49(7), 1397-1406.",16.70008101,24.12051799,11.3459177,19.68428487,20.44317627,26.88115129,1.4288847,0.35689421,1.299984217,0.262352124,1.538536072,0.430831362,31.2695863,33.99994807,3.787586451,11.22236385,56.72215271,48.86320783,11.00013977,19.36984027,4.390460968,12.09506059,24.65747643,29.772866,53.5540423,47.03803489,20.37776756,26.83465976,96.66257477,96.66257477,79.47373665,0.693031383,4.775314679,0.296454787,3.12116466,1.640259624,7.358230615,142.8520212,-22.75353782,7.011529729,46.23255191,23.86881267,0.939075023,11.59679309,46.65413302,27.18331901,-125862.4082,-23.06024131,-42256.66977,0.037023753,0.25527748,0.094603971,0.667043369,0.999776514,0.928399047,12.13894255,70.29093476,37.89240812,0,83.77023255,9.277001501
Lerista_eupoda,Lerista,Sphenomorphinae,sandy soil,0.731658176,2,3,0.364931331,-0.305319696,7.556666667,64.75,3.106666667,11.58,74.69666667,NA,1,1,Camaiti et al. 2022,"Camaiti, M., Evans, A. R., Hipsley, C. A., Hutchinson, M. N., Meiri, S., Anderson, R. O., ... & Chapple, D. G. (2022). A database of the morphology, ecology and literature of the world's limb-reduced skinks. Journal of Biogeography, 49(7), 1397-1406.",14.58945033,22.45522868,11.74407387,20.04123127,16.28366661,23.79905805,1.494600585,0.401859004,1.263454914,0.233849964,1.868738413,0.625263558,14.17496194,22.11683631,4.91397953,12.8074315,29.08553696,32.6366858,3.627087947,10.97899735,1.183465362,6.245407357,10.99279499,19.36311451,80.96773926,64.13451638,53.32783127,46.9081174,93.26876831,93.26876831,74.96279742,0.846449818,5.27883189,0.320489287,3.245350755,1.612896442,7.296259874,118.0165979,-27.04160679,6.501292787,43.84357144,21.12965947,0.57799227,9.217824677,43.86603144,23.25686974,-129565.4574,-24.0203375,-33046.81549,0.036749628,0.248063404,0.115347076,0.646104598,0.999736799,0.938050186,12.07227931,72.92740344,37.66624378,0,92.08723735,16.32707022
Lerista_flammicauda,Lerista,Sphenomorphinae,soil,0.364078892,4,4,-0.150656965,-0.457561846,7.082,51.974,7.576,11.914,67.17862222,NA,1,1,Camaiti et al. 2022,"Camaiti, M., Evans, A. R., Hipsley, C. A., Hutchinson, M. N., Meiri, S., Anderson, R. O., ... & Chapple, D. G. (2022). A database of the morphology, ecology and literature of the world's limb-reduced skinks. Journal of Biogeography, 49(7), 1397-1406.",14.42915721,22.32484408,9.975896835,18.41191965,17.65786171,24.84800963,1.518867866,0.417965232,1.345578909,0.296824336,1.882186294,0.632434024,15.79694325,23.4190923,4.000699043,11.53798094,39.34571075,38.84837565,4.539852571,12.30228186,0.967314541,5.644287835,8.968419075,17.42596437,77.75127629,61.85623648,46.82785797,43.18127504,94.72128296,94.72128296,76.71737629,0.834783431,5.242224757,0.325941414,3.272868919,1.994918823,8.119698377,117.7672474,-22.27809423,9.695322672,47.90839416,25.51967342,0.777964202,13.86844661,50.15576606,29.16658963,-146916.5165,-24.43429807,-50700.40665,0.035757131,0.247769076,0.090077232,0.524258997,0.999783132,0.87941138,13.63742596,69.49764655,39.68967936,0,92.04971695,9.524934406
Lerista_frosti,Lerista,Sphenomorphinae,sandy soil,0.526296193,4,4,0.174172276,-0.516757025,6.58,50.416,5.088,10.742,59.704,38,1,1,Camaiti et al. 2022,"Camaiti, M., Evans, A. R., Hipsley, C. A., Hutchinson, M. N., Meiri, S., Anderson, R. O., ... & Chapple, D. G. (2022). A database of the morphology, ecology and literature of the world's limb-reduced skinks. Journal of Biogeography, 49(7), 1397-1406.",14.7813319,22.61052944,11.23925304,19.58773812,17.03997421,24.38053597,1.492430596,0.400406063,1.23358047,0.209920892,1.628788352,0.487836396,12.64566406,20.83067663,3.22358942,10.34317529,41.98223495,40.38624012,5.58147019,13.66539724,1.58136189,7.224197157,17.71058083,24.88759424,77.79158018,61.88400635,36.52290726,37.18149682,95.84919739,95.84919739,78.24453193,0.600701955,4.445165331,0.291600823,3.095482113,1.549026966,7.149567452,133.344851,-23.4632763,2.914230793,43.13170712,20.05670754,0.772094141,7.459170052,42.32267043,22.62933054,-112511.4105,-23.01608902,-30224.06267,0.03792142,0.250670703,0.106800084,0.755743421,0.999718314,0.962722001,10.44329595,70.439269,34.37410497,0,92.09045423,11.31683459
Lerista_gascoynensis,Lerista,Sphenomorphinae,sandy soil,0.999911324,0,2,1.419614131,-0.540706942,6.544,60.578,0,11.276,60.03388754,NA,0,1,Camaiti et al. 2022,"Camaiti, M., Evans, A. R., Hipsley, C. A., Hutchinson, M. N., Meiri, S., Anderson, R. O., ... & Chapple, D. G. (2022). A database of the morphology, ecology and literature of the world's limb-reduced skinks. Journal of Biogeography, 49(7), 1397-1406.",15.41364074,23.11650674,11.0582943,19.42302421,20.5387764,26.94900316,1.490185395,0.398900538,1.316787601,0.275195135,1.886973739,0.634974349,10.86923378,19.24967015,3.256947041,10.39714516,36.34025955,37.0727673,3.017480825,10.00353723,0.753878117,4.981044146,25.33398819,30.22047716,84.65883544,66.94105098,42.12169647,40.46717481,95.56528473,95.56528473,77.84320853,0.843613103,5.269953897,0.377645552,3.523210143,2.875852585,9.763597308,115.3036858,-25.16911611,8.690277048,44.40683432,22.99412734,0.516845141,12.37010336,46.45950684,26.33181775,-114995.4946,-27.38547304,-37779.14548,0.037790595,0.240964504,0.096563394,0.613071669,0.999731561,0.907993939,18.44452267,80.08735393,47.33671672,0,92.04753899,11.03838821
Lerista_gerrardii,Lerista,Sphenomorphinae,sandy soil,0.776150122,2,2,0.564826523,-0.20239395,7.443799474,73.69074074,2.358103704,10.53777593,73.02752407,47,1,1,Camaiti et al. 2022,"Camaiti, M., Evans, A. R., Hipsley, C. A., Hutchinson, M. N., Meiri, S., Anderson, R. O., ... & Chapple, D. G. (2022). A database of the morphology, ecology and literature of the world's limb-reduced skinks. Journal of Biogeography, 49(7), 1397-1406.",12.91499555,21.06178043,6.049845219,14.23882985,23.93116951,29.28768143,1.480495696,0.392376961,1.221011639,0.199679727,2.378159761,0.866326979,11.54035753,19.85926867,0,0,44.76230621,41.99350676,3.132191259,10.19390123,0,0,15.99327374,23.57292189,83.1131188,65.73632177,34.61087799,36.03717963,99.62873077,99.62873077,86.50669737,1.059839602,5.908984357,0.31787014,3.232048355,2.873889923,9.760232478,117.5364549,-29.30510148,5.432112809,42.43070501,19.07456071,0.763570222,7.923266814,42.34864708,21.3898774,-108709.1283,-15.20819285,-21496.58018,0.038285226,0.277271384,0.146330233,0.72963445,0.99985569,0.960828906,14.9121526,86.40688064,47.33818505,0,92.09340472,24.172011
Lerista_greeri,Lerista,Sphenomorphinae,sandy soil,0.999892715,0,2,1.556076383,-0.523497542,6,61.104,0,9.32,54.76,42,0,1,Camaiti et al. 2022,"Camaiti, M., Evans, A. R., Hipsley, C. A., Hutchinson, M. N., Meiri, S., Anderson, R. O., ... & Chapple, D. G. (2022). A database of the morphology, ecology and literature of the world's limb-reduced skinks. Journal of Biogeography, 49(7), 1397-1406.",15.41095738,23.1143777,9.271729469,17.72779334,18.88865852,25.76053383,1.463129417,0.380577578,1.198737741,0.181269121,2.37587595,0.865366191,16.28335677,23.79881764,0,0,64.29528809,53.30649896,4.849769902,12.72206842,0,0,23.91750336,29.27850453,75.04708731,60.03116251,23.46408081,28.97299701,99.61566162,99.61566162,86.44566714,0.887978398,5.407153218,0.323061943,3.258364386,5.010211945,12.93438304,127.2103033,-17.67727009,11.68886614,46.58778128,26.93620382,1.416975879,16.01468429,46.5792586,29.86579669,-143309.4001,-11.49697267,-43633.92669,0.03594588,0.295147911,0.115861594,0.555675532,0.999921553,0.894580133,11.88908424,67.28851229,37.951013,0,92.10468569,14.36696821
Lerista_griffini,Lerista,Sphenomorphinae,sandy soil,0.999891269,0,2,1.551464409,-0.49644504,6.294,60.838,0,9.196,59.046,43,0,1,Camaiti et al. 2022,"Camaiti, M., Evans, A. R., Hipsley, C. A., Hutchinson, M. N., Meiri, S., Anderson, R. O., ... & Chapple, D. G. (2022). A database of the morphology, ecology and literature of the world's limb-reduced skinks. Journal of Biogeography, 49(7), 1397-1406.",15.33294178,23.0524118,9.271729469,17.72779334,18.26464272,25.30086631,1.46164206,0.379560502,1.192748547,0.176260347,2.37587595,0.865366191,15.19395602,22.94169787,0,0,64.29528809,53.30649896,6.138073026,14.34448832,0,0,23.91750336,29.27850453,75.94767964,60.63104336,23.69706726,29.13023063,100.2697296,100,90,0.963689649,5.633667994,0.323061943,3.258364386,5.010211945,12.93438304,129.5868988,-16.09932122,13.17115795,47.01432967,27.8300627,1.88048367,18.66710523,47.43855499,31.17160869,-123057.8396,-7.917617074,-32068.03985,0.037218315,0.320354202,0.139253266,0.613041242,0.999947099,0.919274994,14.57610855,76.86159957,45.89664314,0,92.10805362,18.73345983
Lerista_haroldi,Lerista,Sphenomorphinae,sand,0.524455064,3,3,0.26105237,-0.780867284,5.9425,37.7725,4.875,10.2525,40.70240666,NA,1,1,Camaiti et al. 2022,"Camaiti, M., Evans, A. R., Hipsley, C. A., Hutchinson, M. N., Meiri, S., Anderson, R. O., ... & Chapple, D. G. (2022). A database of the morphology, ecology and literature of the world's limb-reduced skinks. Journal of Biogeography, 49(7), 1397-1406.",15.10337334,22.86931735,11.84579086,20.13157387,17.13607025,24.45367413,1.43583668,0.361747732,1.278420448,0.245625291,1.48249495,0.393726445,7.853816536,16.27492402,2.502252579,9.101568595,33.89523697,35.6051576,2.139933928,8.411705309,0.604265451,4.45835728,15.56267643,23.23451853,88.46015174,70.14118796,52.72486496,46.56200645,96.30609131,96.30609131,78.91906467,0.964303268,5.635467101,0.450126827,3.846949035,2.19848752,8.526856193,113.5819148,-23.9994101,10.70577624,40.5933284,23.19819896,0.551278845,14.1471351,43.67294778,26.52327652,-100524.7448,-26.42847704,-35770.86202,0.038885218,0.242863096,0.092838476,0.640852984,0.999785161,0.907871296,22.74954441,80.00724181,50.18931844,0,92.0056177,9.139522821
Lerista_humphriesi,Lerista,Sphenomorphinae,sandy soil,0.999578237,0,0,2.340772391,-0.346773056,5,53.62,0,2.37,37.24333333,NA,0,1,Camaiti et al. 2022,"Camaiti, M., Evans, A. R., Hipsley, C. A., Hutchinson, M. N., Meiri, S., Anderson, R. O., ... & Chapple, D. G. (2022). A database of the morphology, ecology and literature of the world's limb-reduced skinks. Journal of Biogeography, 49(7), 1397-1406.",14.20897687,22.14476027,10.2209177,18.64488593,15.90685844,23.50530835,1.419384771,0.350223518,1.276872277,0.244413554,1.536361694,0.429417085,6.856352486,15.17964784,1.031009078,5.827777785,44.44773865,41.81221409,1.772260417,7.650285178,0.249297515,2.861951172,14.37953949,22.28436255,90.75701648,72.30061986,44.89849091,42.0719553,98.50621796,98.50621796,82.97973581,1.112684443,6.055044433,0.639911354,4.588247264,2.278415203,8.681648383,114.2556513,-27.11523481,8.184692348,41.91657992,20.88459614,0.789429713,11.19332498,43.38146409,23.80901413,-100494.7766,-14.14054961,-26447.27251,0.0388837,0.27946092,0.12447066,0.668452053,0.9998833,0.937355123,20.28292753,88.9514597,52.97852815,0,92.08340035,16.35641172
Lerista_ips,Lerista,Sphenomorphinae,sand,0.999914785,0,2,1.415091841,-0.556116519,6.05,63.856,0,11.734,44.052,44,0,1,Camaiti et al. 2022,"Camaiti, M., Evans, A. R., Hipsley, C. A., Hutchinson, M. N., Meiri, S., Anderson, R. O., ... & Chapple, D. G. (2022). A database of the morphology, ecology and literature of the world's limb-reduced skinks. Journal of Biogeography, 49(7), 1397-1406.",14.44390069,22.33686166,7.610876083,16.01435377,17.98184967,25.09055334,1.462968925,0.380467881,1.182124972,0.167313643,1.877892137,0.630149944,11.90590808,20.18481068,2.869649649,9.752959052,48.64711761,44.22476087,6.225678001,14.44870099,0.952838242,5.601757853,16.44404793,23.9232541,83.9092447,66.35098328,31.06850815,33.8755813,100.1818619,100,90,0.776112273,5.054151807,0.308178753,3.182345285,1.586711884,7.236472416,124.3021161,-22.16986336,8.158130891,45.09648198,24.17935556,0.638923471,11.88658715,45.61097962,26.78455277,-128387.7249,-29.09588526,-41755.77251,0.036831822,0.239132639,0.092534619,0.622991554,0.999673451,0.918470472,12.58521343,62.93435973,35.50865481,0,92.07552759,9.984810348
Lerista_kalumburu,Lerista,Sphenomorphinae,sandy soil,0.781762918,1,3,0.917662889,-0.503252069,5.726,55.392,1.794,8.224,58.6705737,NA,1,1,Camaiti et al. 2022,"Camaiti, M., Evans, A. R., Hipsley, C. A., Hutchinson, M. N., Meiri, S., Anderson, R. O., ... & Chapple, D. G. (2022). A database of the morphology, ecology and literature of the world's limb-reduced skinks. Journal of Biogeography, 49(7), 1397-1406.",15.21177211,22.95591303,11.28439426,19.62864595,17.41448784,24.66466434,1.472173966,0.386740197,1.250751853,0.223744853,1.616123438,0.480030342,10.9832619,19.35438194,4.616748333,12.4076776,41.62034225,40.17604531,2.735095394,9.519382078,1.110136509,6.048081847,17.5818882,24.7908825,85.47758327,67.59922465,46.33594894,42.89876988,93.8924942,93.8924942,75.69203701,1.219125552,6.339182474,0.444186985,3.821444752,3.876958132,11.35573347,126.5076736,-14.70291197,13.01280643,44.65931562,26.36463653,2.709602453,18.25668302,45.42938374,29.35806851,-117501.8769,-7.672359218,-28459.3148,0.037648406,0.339948752,0.151233178,0.630557979,0.999947993,0.931257638,16.4633626,79.19698712,48.42515736,0.009944935,92.08863852,20.82373787
Lerista_karlschmidti,Lerista,Sphenomorphinae,sandy soil,0.999556934,0,1,2.31289847,-0.120449662,5.968,62.576,0,2.256,59.3686256,50,0,1,Camaiti et al. 2022,"Camaiti, M., Evans, A. R., Hipsley, C. A., Hutchinson, M. N., Meiri, S., Anderson, R. O., ... & Chapple, D. G. (2022). A database of the morphology, ecology and literature of the world's limb-reduced skinks. Journal of Biogeography, 49(7), 1397-1406.",14.92898986,22.72947079,9.884332657,18.32420899,17.55883026,24.77352524,1.417042712,0.348572103,0.904876411,-0.099956907,1.537892342,0.43041287,14.30136061,22.22046074,2.850903749,9.720741165,60.51807404,51.07176839,10.2087529,18.63337847,3.111630678,10.16003198,26.48317909,30.97193181,75.12449956,60.08243684,27.67199326,31.73840049,99.15224457,99.15224457,84.71708693,1.517854223,7.076890727,0.507232726,4.084078654,5.388844967,13.42302807,134.1683067,-13.1033485,16.41902083,44.3511962,27.71216849,3.083806349,22.04256916,45.08746551,30.66754165,-81085.63404,-4.639737676,-13194.4024,0.040833876,0.35768742,0.179018519,0.804018944,0.999967434,0.977187339,21.07618166,85.65652486,55.90403456,0,92.11481247,27.97485036
Lerista_kennedyensis,Lerista,Sphenomorphinae,sand,0.930445337,0,2,1.082916254,-0.580174008,5.972,56.732,0.744,10.71,42.346,NA,1,1,Camaiti et al. 2022,"Camaiti, M., Evans, A. R., Hipsley, C. A., Hutchinson, M. N., Meiri, S., Anderson, R. O., ... & Chapple, D. G. (2022). A database of the morphology, ecology and literature of the world's limb-reduced skinks. Journal of Biogeography, 49(7), 1397-1406.",14.86250346,22.67597509,11.66487598,19.97065454,17.64731789,24.84008715,1.507297572,0.41031836,1.380654454,0.322557629,1.847804904,0.613998396,7.532046897,15.92898713,4.000199795,11.53725112,15.41377163,23.11661059,1.936703102,7.999559101,0.967313409,5.644284522,4.53398037,12.29419843,89.3896368,70.98985753,74.18228149,59.46188791,94.8875351,94.8875351,76.93198214,0.867102774,5.343029293,0.399077237,3.621932865,1.676936865,7.440503564,115.064135,-24.32735598,8.713554937,44.20870006,23.09249556,0.584514002,12.56015926,46.37873101,26.55829663,-110640.7846,-26.91249655,-36488.05167,0.03806062,0.241863513,0.0963488,0.635741447,0.999762811,0.916193384,18.00324961,79.41543841,47.13207696,0,92.05003279,10.69603135
Lerista_labialis,Lerista,Sphenomorphinae,sand,0.999884477,0,2,1.637358549,-0.679282292,5.269161508,53.1,0,8.6553,19.0098,46,0,1,Camaiti et al. 2022,"Camaiti, M., Evans, A. R., Hipsley, C. A., Hutchinson, M. N., Meiri, S., Anderson, R. O., ... & Chapple, D. G. (2022). A database of the morphology, ecology and literature of the world's limb-reduced skinks. Journal of Biogeography, 49(7), 1397-1406.",14.5176146,22.39687045,6.645137429,14.93847317,18.69757557,25.62040741,1.483770419,0.394586429,1.189558327,0.173582084,1.759830892,0.56521772,15.037701,22.81672993,2.848870933,9.717241269,50.72096825,45.41309869,5.569075213,13.64992111,1.274338216,6.481741746,14.3337636,22.24696388,77.01928059,61.35494649,34.08890152,35.72228441,97.36403275,97.36403275,80.65629049,0.753501012,4.979795034,0.293990888,3.108154474,2.284907758,8.694104846,134.5839066,-26.42453415,4.876945189,43.13444932,20.57190985,0.623642784,8.635145054,42.79978173,23.14959461,-115729.2971,-32.39686199,-33118.96537,0.037777066,0.238546065,0.104115458,0.717869968,0.999449147,0.944583769,12.24298838,75.19997928,38.59556514,0,87.84303011,11.55442302
Lerista_lineata,Lerista,Sphenomorphinae,sandy soil,0.646161565,2,3,0.465546459,-0.643690234,5.76483565,47,3.525,9.964,48.175,NA,1,1,Camaiti et al. 2022,"Camaiti, M., Evans, A. R., Hipsley, C. A., Hutchinson, M. N., Meiri, S., Anderson, R. O., ... & Chapple, D. G. (2022). A database of the morphology, ecology and literature of the world's limb-reduced skinks. Journal of Biogeography, 49(7), 1397-1406.",13.34264365,21.42455912,6.816781521,15.13472906,17.60080528,24.80511597,1.436349106,0.362104551,1.139839053,0.130887071,2.377507687,0.866052749,7.557963421,15.95709802,0,0,47.54896927,43.59509979,1.998599077,8.127235185,0,0,20.99469185,27.27099504,88.66030842,70.32133975,41.88991547,40.33264331,99.51217651,99.51217651,85.99495206,1.528786023,7.102460255,0.537597239,4.204758357,11.55984879,19.87673859,114.2556513,-27.31614418,8.427348675,41.36703438,20.81118084,0.828237184,11.35704137,42.88820115,23.66319049,-100013.2312,-14.01095177,-25760.25602,0.038929871,0.282870658,0.12663796,0.670324051,0.999887439,0.937289887,20.63224779,89.18429671,53.22275319,0,92.08304974,16.8667137
Lerista_lineopunctulata,Lerista,Sphenomorphinae,sand,0.914501348,0,2,1.022691958,0.017669614,9.304,85.052,0.792,9.274,59.374,46,1,1,Camaiti et al. 2022,"Camaiti, M., Evans, A. R., Hipsley, C. A., Hutchinson, M. N., Meiri, S., Anderson, R. O., ... & Chapple, D. G. (2022). A database of the morphology, ecology and literature of the world's limb-reduced skinks. Journal of Biogeography, 49(7), 1397-1406.",13.63665499,21.67112233,6.176954746,14.39082621,18.91884041,25.78261717,1.440092868,0.364707603,1.213947892,0.193877769,2.377507687,0.866052749,7.968448614,16.39659265,0,0,47.54896927,43.59509979,2.180659501,8.491956286,0,0,27.10491753,31.37410628,88.08158139,69.80412525,41.88991547,40.33264331,99.51795959,99.51795959,86.018801,1.358798993,6.694046261,0.372014284,3.496810368,5.803709984,13.94019079,114.884472,-28.33769742,8.117787184,40.35507453,20.06294548,0.991818543,10.66945266,41.5292464,22.67097984,-97218.99113,-12.9997293,-22764.45845,0.039236554,0.293597758,0.139751302,0.71415996,0.999894452,0.947066137,20.07110016,89.33031461,52.8594881,0,92.08693651,20.84400804
Lerista_macropisthopus,Lerista,Sphenomorphinae,sand,0.767667492,2,3,0.560250148,-0.258680972,7.078026667,70.78026667,2.448088122,10.54030625,71.2903224,46,1,1,Camaiti et al. 2022,"Camaiti, M., Evans, A. R., Hipsley, C. A., Hutchinson, M. N., Meiri, S., Anderson, R. O., ... & Chapple, D. G. (2022). A database of the morphology, ecology and literature of the world's limb-reduced skinks. Journal of Biogeography, 49(7), 1397-1406.",13.87594498,21.87014678,6.585060835,14.86922752,19.71977425,26.36382256,1.481183725,0.392841582,1.238563359,0.213952126,2.132742345,0.757408638,12.37942835,20.60015117,0.500027716,4.054919797,47.358078,43.48558495,3.618544099,10.96589841,0.120906793,1.992670711,21.9531045,27.93965734,82.27592394,65.10228018,39.38012505,38.86855554,99.11144257,99.11144257,84.59107887,0.975364762,5.667802314,0.32268481,3.25645992,3.030399084,10.02514839,117.6275883,-26.40119119,6.975960585,44.20568503,21.55579928,0.651229509,10.16981634,44.91763228,24.29098306,-120233.0195,-22.71787903,-32626.25086,0.037477675,0.254454578,0.117686623,0.654809209,0.999766687,0.929646773,14.7966572,77.88431283,43.44781889,0,92.06132483,16.73965193
Lerista_microtis,Lerista,Sphenomorphinae,sand,0.445200465,5,5,-0.026332972,-0.756714562,6.017980329,40.05102041,6.660879563,12.00672376,48.75037825,36,1,1,Camaiti et al. 2022,"Camaiti, M., Evans, A. R., Hipsley, C. A., Hutchinson, M. N., Meiri, S., Anderson, R. O., ... & Chapple, D. G. (2022). A database of the morphology, ecology and literature of the world's limb-reduced skinks. Journal of Biogeography, 49(7), 1397-1406.",12.95087082,21.09240799,7.077766895,15.42880219,21.11348915,27.35447198,1.383528116,0.324636842,1.040892482,0.040078501,2.35332799,0.855830492,10.05477287,18.48718958,0,0,51.6714325,45.95783873,2.624033187,9.322345103,0,0,17.1230011,24.44373685,83.69891996,66.1874336,36.0503273,36.89992995,99.37475586,99.37475586,85.46475184,3.473411519,10.7410698,0.582975447,4.378956602,16.75359154,24.16159252,123.3671349,-33.87862102,6.412179228,32.92294368,15.52000698,1.684564877,7.720882142,32.20837893,17.14581117,-37144.80997,-7.760260511,-4486.182096,0.059619894,0.325698624,0.197231001,0.977875817,0.999935811,0.995557802,25.29111102,94.05956874,60.0805166,0,92.10522068,35.70853879
Lerista_muelleri,Lerista,Sphenomorphinae,sandy soil,0.514371465,3,3,0.488394809,-0.830677592,5.072,37.564,4.206,8.662,47.96,41,1,1,Camaiti et al. 2022,"Camaiti, M., Evans, A. R., Hipsley, C. A., Hutchinson, M. N., Meiri, S., Anderson, R. O., ... & Chapple, D. G. (2022). A database of the morphology, ecology and literature of the world's limb-reduced skinks. Journal of Biogeography, 49(7), 1397-1406.",14.70329381,22.54747001,8.926129341,17.38351845,19.02077103,25.8570977,1.50313469,0.407552721,1.264000058,0.234281342,1.884487629,0.633655969,14.38287493,22.28708565,1.400253892,6.795866025,39.34571075,38.84837565,4.43958495,12.16356627,0.317666054,3.231009532,24.64134979,29.76214612,79.76209671,63.26494048,46.82785797,43.18127504,98.6647644,98.6647644,83.36451264,0.832341059,5.234528967,0.302525997,3.152994417,3.811062813,11.25754271,118.7793104,-22.36738682,9.132033183,47.05332451,24.96651656,0.735587378,13.14243471,48.68356526,28.26455451,-140718.329,-25.18101651,-47250.02644,0.036116108,0.246048763,0.092537757,0.557379704,0.999746058,0.891885771,13.4423879,67.93503769,38.70181471,0,91.3853087,9.977575243
Lerista_neander,Lerista,Sphenomorphinae,sandy soil,0.609650288,2,2,0.150377668,-0.064776325,8.476,78.612,4.408,11.294,81.06135651,45,1,1,Camaiti et al. 2022,"Camaiti, M., Evans, A. R., Hipsley, C. A., Hutchinson, M. N., Meiri, S., Anderson, R. O., ... & Chapple, D. G. (2022). A database of the morphology, ecology and literature of the world's limb-reduced skinks. Journal of Biogeography, 49(7), 1397-1406.",14.36857191,22.27540661,10.98280048,19.35395918,16.47968674,23.95078585,1.501673241,0.40657998,1.334262729,0.288378876,1.875605822,0.628931712,14.11037967,22.06374154,1.128926158,6.099243164,36.1166954,36.93952048,4.219987705,11.85444288,0.272994101,2.995001619,13.32413483,21.40896089,79.99952041,63.43460534,55.16940308,47.96715191,97.13933563,97.13933563,80.26247083,0.76103482,5.004691309,0.302525997,3.152994417,1.843147755,7.802718373,118.8755585,-24.07793418,7.113841807,46.07529209,23.00750087,0.667556377,10.69507637,46.41148362,25.62628016,-130379.1227,-26.45275872,-37222.45246,0.036712409,0.243530195,0.104028673,0.627410877,0.999688242,0.926573169,12.45074841,66.95716569,36.85236191,0,92.08397863,12.80772048
Lerista_onsloviana,Lerista,Sphenomorphinae,sand,0.999896115,0,2,1.55063173,-0.636495767,5.752261546,55,0,9.625,43.615,43,0,1,Camaiti et al. 2022,"Camaiti, M., Evans, A. R., Hipsley, C. A., Hutchinson, M. N., Meiri, S., Anderson, R. O., ... & Chapple, D. G. (2022). A database of the morphology, ecology and literature of the world's limb-reduced skinks. Journal of Biogeography, 49(7), 1397-1406.",15.36732395,23.07973658,12.46326447,20.67296954,17.47941971,24.71367881,1.439263861,0.364131775,1.308709502,0.269041539,1.605711699,0.473567084,13.44749389,21.51274906,3.79425621,11.23236897,36.97146988,37.44803882,4.680015645,12.49376895,0.928442836,5.529355921,27.83282089,31.84129488,80.08855935,63.49842758,53.12872314,46.79379823,95.03910828,95.03910828,77.13053532,0.91679107,5.494442808,0.439385951,3.800705922,3.435786247,10.68204843,114.7646966,-22.40289827,11.26736383,44.66103397,25.03234365,0.628092291,15.15964392,47.28204573,28.68042254,-136583.4113,-31.08908127,-53472.19372,0.036323115,0.234297768,0.081411225,0.518771342,0.999776411,0.852465341,17.756327,75.26021243,44.97337423,0,88.94022645,7.080372846
Lerista_orientalis,Lerista,Sphenomorphinae,soil,0.52948703,4,4,0.48336687,-0.747332404,5.71,38.486,4.044,8.596,41.934,38,1,1,Camaiti et al. 2022,"Camaiti, M., Evans, A. R., Hipsley, C. A., Hutchinson, M. N., Meiri, S., Anderson, R. O., ... & Chapple, D. G. (2022). A database of the morphology, ecology and literature of the world's limb-reduced skinks. Journal of Biogeography, 49(7), 1397-1406.",15.38382584,23.09284236,9.271729469,17.72779334,19.84010124,26.45035963,1.450242397,0.371730713,1.119648814,0.113015077,2.345315933,0.852420119,18.98163827,25.82852157,0.039262164,1.135371979,62.46118927,52.21579228,9.368164883,17.82282492,0.007481385,0.495586024,28.18799782,32.06788697,68.90123487,56.10569071,21.16430473,27.3901267,100.2697296,100,90,1.072840143,5.945245059,0.380730152,3.537587867,6.486678123,14.75519198,133.5072388,-15.81931893,12.83506436,46.58377855,27.18894815,2.122798175,18.21605022,46.41003409,30.3345281,-113707.8749,-7.783548745,-28045.97553,0.038041659,0.324922625,0.144420563,0.677912654,0.999946726,0.939966188,15.1537219,75.33476005,45.3988697,0,92.1113228,20.07341589
Lerista_picturata,Lerista,Sphenomorphinae,sandy soil,0.916599392,2,2,0.661904696,-0.109519925,9.536715371,81.1,1.1354,13.6248,76.3151,43,1,1,Camaiti et al. 2022,"Camaiti, M., Evans, A. R., Hipsley, C. A., Hutchinson, M. N., Meiri, S., Anderson, R. O., ... & Chapple, D. G. (2022). A database of the morphology, ecology and literature of the world's limb-reduced skinks. Journal of Biogeography, 49(7), 1397-1406.",14.39768598,22.29917442,8.342987061,16.78865853,18.51769447,25.48799098,1.437898027,0.363182344,1.261387706,0.232212469,2.341430426,0.850762036,14.8625304,22.67599678,0.294841498,3.112652093,47.46400452,43.54635792,5.507261148,13.57249805,0.069679208,1.512602046,19.97216797,26.54511275,77.11325222,61.41898187,28.69164276,32.38771887,99.00473785,99.00473785,84.27448687,1.331689468,6.626630658,0.433537811,3.775290957,3.368098021,10.57507809,122.4629864,-31.26454417,4.474998398,37.73962137,16.86245841,0.692995308,6.437203288,36.63195489,18.5592362,-80834.05799,-17.22469241,-11828.96745,0.040971195,0.268008242,0.161150952,0.892949579,0.999821527,0.984970682,17.21447413,85.73566142,48.77007883,0,92.09167047,27.62017571
Lerista_planiventralis,Lerista,Sphenomorphinae,sand,0.698357358,2,3,0.014369107,-0.510433799,7.4,53.998,4.498,14.914,46.87012863,40,1,1,Camaiti et al. 2022,"Camaiti, M., Evans, A. R., Hipsley, C. A., Hutchinson, M. N., Meiri, S., Anderson, R. O., ... & Chapple, D. G. (2022). A database of the morphology, ecology and literature of the world's limb-reduced skinks. Journal of Biogeography, 49(7), 1397-1406.",14.18571057,22.12566323,6.176954746,14.39082621,23.93116951,29.28768143,1.453159001,0.373739808,1.254277229,0.226559494,2.377507687,0.866052749,9.516728287,17.96837185,0,0,47.54896927,43.59509979,2.772955337,9.585657932,0,0,27.91293526,31.89248226,86.01507288,68.03968747,34.61087799,36.03717963,99.51217651,99.51217651,85.99495206,1.042353278,5.859863254,0.360103041,3.440305605,3.806758165,11.25110009,114.7689743,-26.1467268,8.906064659,42.20007879,21.85284599,0.755326441,12.07754666,44.11141942,24.92661342,-109063.7172,-20.11871751,-32325.82845,0.038268222,0.26667784,0.115113737,0.642264944,0.999834379,0.919807126,19.39571587,84.41197364,50.15918362,0,91.99645749,14.87162877
Lerista_praepedita,Lerista,Sphenomorphinae,sandy soil,0.999131794,0,0,2.642103154,-0.194956337,4.858966455,54.8,0,1.1508,43.7304,51,0,1,Camaiti et al. 2022,"Camaiti, M., Evans, A. R., Hipsley, C. A., Hutchinson, M. N., Meiri, S., Anderson, R. O., ... & Chapple, D. G. (2022). A database of the morphology, ecology and literature of the world's limb-reduced skinks. Journal of Biogeography, 49(7), 1397-1406.",13.47072775,21.53225178,6.176954746,14.39082621,23.93116951,29.28768143,1.446012045,0.368809454,1.13998878,0.13101842,2.377507687,0.866052749,8.217568975,16.65828124,0,0,47.54896927,43.59509979,2.251414959,8.629659436,0,0,27.10491753,31.37410628,87.64523536,69.42131149,34.61087799,36.03717963,99.51795959,99.51795959,86.018801,1.343642488,6.656437902,0.372014284,3.496810368,9.161446571,17.61857029,115.0256358,-28.21013889,8.078702589,40.85123908,20.28510334,0.916918013,10.70051273,42.12354725,22.96587617,-99662.24932,-14.32176606,-23987.04643,0.03901372,0.287697379,0.135996302,0.702744525,0.999879073,0.944606928,19.71151904,88.62848958,52.29565673,0,92.08198753,20.1400388
Lerista_punctatovittata,Lerista,Sphenomorphinae,sandy soil,0.666604654,2,2,0.31067794,-0.049722334,8.00916023,83.33,3.58319,10.74957,81.17486111,47,1,1,Camaiti et al. 2022,"Camaiti, M., Evans, A. R., Hipsley, C. A., Hutchinson, M. N., Meiri, S., Anderson, R. O., ... & Chapple, D. G. (2022). A database of the morphology, ecology and literature of the world's limb-reduced skinks. Journal of Biogeography, 49(7), 1397-1406.",14.54202706,22.41671616,4.212228775,11.84338193,23.64191246,29.09305721,1.419198921,0.350092572,0.808681488,-0.21235015,1.637153029,0.492958775,25.50217095,30.33113609,3.021498442,10.01026316,66.02502441,54.34659749,10.27676017,18.69763323,1.712615967,7.519693136,36.10726547,36.93389621,61.29557593,51.52824226,15.30577374,23.0308026,96.50402832,96.50402832,79.22368865,1.189515298,6.26141412,0.277685404,3.020649667,6.74113369,15.04852012,144.8227817,-28.98078046,4.519540116,42.59208973,19.76950851,1.021152429,8.505972285,42.36084339,22.6239246,-91785.81498,-18.41343369,-20465.86093,0.044089036,0.271428431,0.137111511,0.819067502,0.999773408,0.970307778,14.92995816,87.01634107,46.61633816,0,91.55825203,18.11058254
Lerista_puncticauda,Lerista,Sphenomorphinae,sandy soil,0.769136333,2,3,-0.004520561,-0.104867641,9.155,83.13,3.76,16.29,72.12337522,NA,1,1,Camaiti et al. 2022,"Camaiti, M., Evans, A. R., Hipsley, C. A., Hutchinson, M. N., Meiri, S., Anderson, R. O., ... & Chapple, D. G. (2022). A database of the morphology, ecology and literature of the world's limb-reduced skinks. Journal of Biogeography, 49(7), 1397-1406.",14.13455812,22.08363114,12.37962151,20.60031919,15.61306286,23.27431188,1.452584837,0.373344616,1.291046262,0.255452945,1.52775836,0.423801537,7.558458245,15.95763431,2.752863407,9.55054107,30.94187927,33.79714805,5.510790941,13.57693015,1.926241279,7.977782438,12.80548,20.96805949,84.73137107,66.99876747,51.86204529,46.06712012,98.53434753,98.53434753,83.04647922,1.11336695,6.05690814,0.557803929,4.283196482,1.721681237,7.539683971,123.7832376,-29.91797299,4.198971919,39.91776172,17.85173917,0.531749967,6.688994359,38.84047264,19.69467742,-97122.26535,-22.4735442,-16931.72854,0.039179983,0.251785034,0.143090539,0.801557106,0.999729898,0.976074591,14.2245101,80.07519731,43.37009129,0,92.08772586,22.63116917
Lerista_robusta,Lerista,Sphenomorphinae,sandy soil,0.999903048,0,2,1.506535428,-0.591847967,5.773333333,59.81,0,10.31333333,50.94260754,NA,0,1,Camaiti et al. 2022,"Camaiti, M., Evans, A. R., Hipsley, C. A., Hutchinson, M. N., Meiri, S., Anderson, R. O., ... & Chapple, D. G. (2022). A database of the morphology, ecology and literature of the world's limb-reduced skinks. Journal of Biogeography, 49(7), 1397-1406.",16.07005861,23.63287635,11.34266281,19.6813446,18.81113434,25.70374917,1.474991552,0.388652262,1.338990927,0.291916291,1.562636018,0.44637415,11.50988222,19.83192806,4.021765709,11.56873764,35.76830292,36.73151562,2.921330721,9.841256397,0.972337782,5.6589719,13.03448677,21.1636531,82.11052157,64.97842199,43.67148209,41.36427448,94.64431,94.64431,76.61909827,0.935001835,5.548913734,0.550174415,4.253749028,1.895250797,7.912932092,125.0129768,-18.75274106,10.83270214,44.81694497,26.07739107,1.141389266,14.86423978,44.57772439,28.64000657,-127410.9104,-14.03821382,-39724.23546,0.03688835,0.279518088,0.107199827,0.598641561,0.999905437,0.910310506,13.61016457,69.34921747,40.27901525,0,92.09629156,12.20317761
Lerista_simillima,Lerista,Sphenomorphinae,sandy soil,0.999882621,0,2,1.648085479,-0.739156418,5.28311613,48.67666667,0,8.518416667,37.83110059,42,0,1,Camaiti et al. 2022,"Camaiti, M., Evans, A. R., Hipsley, C. A., Hutchinson, M. N., Meiri, S., Anderson, R. O., ... & Chapple, D. G. (2022). A database of the morphology, ecology and literature of the world's limb-reduced skinks. Journal of Biogeography, 49(7), 1397-1406.",16.17692875,23.71612934,10.78205299,19.16928656,18.68001366,25.60750121,1.457760885,0.376901618,1.322475433,0.279505308,1.674339771,0.515418921,14.97535746,22.76672056,4.02063036,11.56708204,39.32036209,38.83350969,4.09499754,11.67505811,0.972227871,5.658651008,14.76903343,22.60060069,77.57776556,61.73688969,39.03485107,38.66595156,94.89818573,94.89818573,76.94584211,0.94145653,5.568094304,0.623793066,4.529971364,2.078789473,8.28980218,124.8348806,-17.91828948,11.92567937,44.53150495,26.59768101,1.434493364,16.10710822,44.42899165,29.16417778,-128638.9755,-10.45634952,-37449.72558,0.036813665,0.298917457,0.120023296,0.571753718,0.999930278,0.905023446,14.6274172,73.13445945,43.1292256,0,92.10172888,13.97348904
Lerista_stictopleura,Lerista,Sphenomorphinae,sandy soil,0.745213274,1,2,0.565376934,-0.638111158,5.657242044,50.4,2.7216,10.6848,47.0736,42,1,1,Camaiti et al. 2022,"Camaiti, M., Evans, A. R., Hipsley, C. A., Hutchinson, M. N., Meiri, S., Anderson, R. O., ... & Chapple, D. G. (2022). A database of the morphology, ecology and literature of the world's limb-reduced skinks. Journal of Biogeography, 49(7), 1397-1406.",14.81256387,22.63572815,10.93221378,19.3075638,16.45807076,23.93408989,1.50128574,0.406321901,1.3764323,0.319494862,1.866391182,0.624006717,16.63993867,24.07429005,8.403323174,16.85106285,35.72352982,36.70475191,5.211229956,13.19589904,2.177150249,8.48507021,8.696403503,17.15134025,75.49582683,60.32913522,55.53253174,48.17641158,88.57310486,88.57310486,70.24268303,0.782049033,5.073495976,0.402455062,3.637249284,1.295466185,6.535485401,116.8607656,-24.32735598,7.898157667,47.15775671,23.63744616,0.661719172,11.87969467,48.84744282,27.11717893,-135864.5554,-24.15450508,-43181.83642,0.036362457,0.247748569,0.097876542,0.556274952,0.99975712,0.900198483,13.85569648,72.78913459,40.85478727,0,92.07425095,11.71588294
Lerista_stylis,Lerista,Sphenomorphinae,sand,0.99905457,0,0,2.627006879,0.045185919,5.652623804,66.045,0,1.05672,42.28932168,49,0,1,Camaiti et al. 2022,"Camaiti, M., Evans, A. R., Hipsley, C. A., Hutchinson, M. N., Meiri, S., Anderson, R. O., ... & Chapple, D. G. (2022). A database of the morphology, ecology and literature of the world's limb-reduced skinks. Journal of Biogeography, 49(7), 1397-1406.",14.88246543,22.69204706,10.43701267,18.84830345,17.38582039,24.64300149,1.409629231,0.343326713,1.148130894,0.138135311,1.50858736,0.41117369,13.61736071,21.65501098,2.899913549,9.804757754,48.58412933,44.18865741,11.54134189,19.86015125,3.984910011,11.51487853,26.48317909,30.97193181,77.03950956,61.3687234,42.27082062,40.55367675,97.77157593,97.77157593,81.41485008,1.59449225,7.254287748,0.535474956,4.196435645,4.711577415,12.53650987,133.7659363,-13.4793648,15.56941641,44.95758888,27.52337547,3.262208372,21.38724186,44.96126857,30.487837,-83194.18175,-4.485468996,-12737.15576,0.040611877,0.360210713,0.18034345,0.805650895,0.999968663,0.978905398,19.75675556,84.98500614,54.4792493,0,92.11572767,27.79910443
Lerista_taeniata,Lerista,Sphenomorphinae,sand,0.481292838,4,4,0.366496899,-0.948639024,4.559240389,35.6,4.9484,9.5408,43.3608,37,1,1,Camaiti et al. 2022,"Camaiti, M., Evans, A. R., Hipsley, C. A., Hutchinson, M. N., Meiri, S., Anderson, R. O., ... & Chapple, D. G. (2022). A database of the morphology, ecology and literature of the world's limb-reduced skinks. Journal of Biogeography, 49(7), 1397-1406.",14.42836537,22.3241985,3.314378023,10.48944182,20.13863564,26.66421312,1.461656019,0.379570053,1.031166792,0.030690969,1.756620169,0.563391604,13.07456365,21.19773177,1.697042823,7.485229309,55.27725983,48.02928928,6.716206292,15.02001446,0.537795484,4.205534956,19.72187996,26.36533866,77.75820355,61.86100816,26.31507683,30.86267955,100.0067825,100,90,0.755651804,4.986915104,0.244605333,2.83486775,3.109546661,10.15659296,131.0569543,-25.88886707,4.918502499,42.5962384,20.39699472,0.61000922,8.559232897,41.82895409,22.73275944,-111407.9873,-29.45447766,-29873.37863,0.03809609,0.240507788,0.108637063,0.741076689,0.999534076,0.954330421,12.2808147,72.81579349,37.90723468,0,92.0507459,12.71026411
Lerista_terdigitata,Lerista,Sphenomorphinae,sand,0.510880578,3,3,-0.241679315,-0.285923187,8.574637047,61.2,6.8544,14.0148,60.282,38,1,1,Camaiti et al. 2022,"Camaiti, M., Evans, A. R., Hipsley, C. A., Hutchinson, M. N., Meiri, S., Anderson, R. O., ... & Chapple, D. G. (2022). A database of the morphology, ecology and literature of the world's limb-reduced skinks. Journal of Biogeography, 49(7), 1397-1406.",13.76745317,21.78009119,6.861871719,15.18590341,26.58954811,31.04094801,1.371735013,0.316076371,1.121429563,0.114604267,1.507928014,0.410736532,15.75467615,23.38587373,2.814395905,9.657699974,50.71334076,45.40872802,5.752828011,13.87771911,1,5.739170477,19.61502647,26.28832752,71.17204935,57.5260114,31.42333603,34.09489514,94.97153473,94.97153473,77.0416676,1.251955595,6.424324649,0.423063099,3.729339362,3.857963085,11.32751164,135.8152181,-32.9138439,5.326200799,37.15243407,16.73983153,0.827042059,7.630635182,36.93767722,19.00429984,-79053.92487,-13.92492912,-12133.14079,0.041157408,0.283066372,0.154790182,0.885971436,0.999869005,0.984042434,18.04406629,89.87864226,51.587788,0,92.09300431,22.01873735
Lerista_tridactyla,Lerista,Sphenomorphinae,sandy soil,0.524704346,3,3,-0.182373943,-0.337666857,7.926,60.356,6.55,13.782,57.29214522,38,1,1,Camaiti et al. 2022,"Camaiti, M., Evans, A. R., Hipsley, C. A., Hutchinson, M. N., Meiri, S., Anderson, R. O., ... & Chapple, D. G. (2022). A database of the morphology, ecology and literature of the world's limb-reduced skinks. Journal of Biogeography, 49(7), 1397-1406.",14.65048232,22.50471659,11.07792473,19.44094912,18.51769447,25.48799098,1.425775755,0.354716055,1.279138923,0.246187135,1.532709002,0.427036759,15.32756786,23.04813868,3.410201788,10.64173686,47.46400452,43.54635792,6.10111441,14.300315,1.347579956,6.666228107,15.33888149,23.05713409,74.6016929,59.73717452,28.69164276,32.38771887,95.33581543,95.33581543,77.52772109,1.522723522,7.088291197,0.614722848,4.496848617,2.965524912,9.916163268,123.0142253,-31.9979675,4.401074419,36.03958363,16.0489863,0.772781922,6.18334544,34.64679584,17.66430252,-67941.22533,-15.27041426,-8470.447599,0.042476603,0.274987157,0.170871488,0.956426594,0.999849258,0.991044754,19.21677309,88.07870184,51.72689528,0,92.09337502,30.17342157
Lerista_uniduo,Lerista,Sphenomorphinae,sand,0.999908349,0,2,1.451799077,-0.597691115,6.278,57.146,0,10.91,39.55563298,44,0,1,Camaiti et al. 2022,"Camaiti, M., Evans, A. R., Hipsley, C. A., Hutchinson, M. N., Meiri, S., Anderson, R. O., ... & Chapple, D. G. (2022). A database of the morphology, ecology and literature of the world's limb-reduced skinks. Journal of Biogeography, 49(7), 1397-1406.",15.2589014,22.99348381,7.225494862,15.59303927,20.5387764,26.94900316,1.47033719,0.385491755,1.297116876,0.260144014,1.886973739,0.634974349,10.64388328,19.04130173,1.843533754,7.803540457,47.54896927,43.59509979,3.009619716,9.990364318,0.419658482,3.714281905,27.91293526,31.89248226,84.8763957,67.11450158,41.88991547,40.33264331,97.27280426,97.27280426,80.49450278,0.881132185,5.386206755,0.360103041,3.440305605,3.614470005,10.959647,115.0978218,-24.99286715,8.951309092,44.43659816,23.09359237,0.540687278,12.62600618,46.54963033,26.48136059,-119056.2883,-26.75359359,-39484.21786,0.037499947,0.242805222,0.096489857,0.592984828,0.999756145,0.900474466,18.13806995,80.508099,47.47212228,0,91.99023501,11.02225636
Lerista_varia,Lerista,Sphenomorphinae,sandy soil,0.987947993,0,2,1.529428745,-0.631256123,5.778620983,52.8,0.1056,8.844,41.7648,NA,1,1,Camaiti et al. 2022,"Camaiti, M., Evans, A. R., Hipsley, C. A., Hutchinson, M. N., Meiri, S., Anderson, R. O., ... & Chapple, D. G. (2022). A database of the morphology, ecology and literature of the world's limb-reduced skinks. Journal of Biogeography, 49(7), 1397-1406.",14.48844539,22.37313963,11.20024347,19.55232907,16.56829453,24.01913398,1.431590965,0.358786389,1.281468749,0.24800688,1.498948216,0.404763673,8.208640283,16.64896509,1.751154006,7.604322886,41.24958611,39.96043009,2.170669849,8.472339681,0.423039518,3.729235279,18.26476908,25.30096,88.19017238,69.90032928,48.38467789,44.07432754,97.3263092,97.3263092,80.58906525,1.032521727,5.832066157,0.454805762,3.866921548,2.124357224,8.380813705,113.6700828,-25.66956341,9.576012494,41.17853693,22.04057311,0.635417904,12.79121327,43.50239466,25.17067588,-99501.6999,-20.44983972,-30828.27166,0.038977038,0.259721141,0.108109389,0.65029432,0.999837135,0.920380465,22.32238703,85.56983186,52.68780278,0,92.04643527,12.70305895
Lerista_vermicularis,Lerista,Sphenomorphinae,sand,0.999882145,0,2,1.719637451,-0.989986393,4.122,41.812,0,8.484,33.51672127,NA,0,1,Camaiti et al. 2022,"Camaiti, M., Evans, A. R., Hipsley, C. A., Hutchinson, M. N., Meiri, S., Anderson, R. O., ... & Chapple, D. G. (2022). A database of the morphology, ecology and literature of the world's limb-reduced skinks. Journal of Biogeography, 49(7), 1397-1406.",14.85360786,22.6688101,9.741420746,18.18658526,18.76278877,25.66829166,1.472425231,0.386910858,1.221095681,0.199748555,1.69151485,0.525624488,10.70667268,19.09955281,2.000234127,8.130581429,45.31284714,42.31051028,4.929037202,12.82737312,0.483641952,3.987817816,15.43435383,23.1329359,85.57189758,67.67601589,31.06850815,33.8755813,100.1035538,100,90,0.765685172,5.019997892,0.365608662,3.46653718,1.895250797,7.912932092,124.8511649,-20.96971111,9.195577646,45.06797762,24.9548983,0.738560753,12.92761091,45.53848983,27.57077951,-132085.6846,-25.19928785,-43977.93919,0.036616711,0.248011796,0.092932482,0.596631576,0.999768458,0.908079776,12.72463458,63.63194068,36.25812318,0,92.07681964,9.952097342
Lerista_viduata,Lerista,Sphenomorphinae,sandy soil,0.428523973,5,5,0.245587884,-0.526909682,7.297109208,43,5.16,9.03,42.585,NA,1,1,Camaiti et al. 2022,"Camaiti, M., Evans, A. R., Hipsley, C. A., Hutchinson, M. N., Meiri, S., Anderson, R. O., ... & Chapple, D. G. (2022). A database of the morphology, ecology and literature of the world's limb-reduced skinks. Journal of Biogeography, 49(7), 1397-1406.",12.15309475,20.40249676,9.642615318,18.09090891,15.02620888,22.80751786,1.436474429,0.362191798,1.281033635,0.247667279,1.516171813,0.416188614,12.09383782,20.35048731,3.810722113,11.25703292,27.78476143,31.81056659,3.265466993,10.41088685,0.998389363,5.734531247,6.763794899,15.07439189,81.84348545,64.77939782,65.01306915,53.73665153,94.6401825,94.6401825,76.61384722,1.962735909,8.053498429,1.155419111,6.170669578,4.678014755,12.49105473,120.075451,-33.54861429,5.849833563,35.10796724,15.94479324,1.114480518,7.324400019,34.22981172,17.8078835,-33873.91642,-9.937060625,-3981.257784,0.049527668,0.301804337,0.195492892,0.990194088,0.999914054,0.997125453,23.02668223,94.44526137,59.64231191,0,92.09990413,38.09498507
Lerista_walkeri,Lerista,Sphenomorphinae,sandy soil,0.439319471,2,2,0.399809335,-0.227771534,7.298,61.338,4.448,7.934,55.586,NA,1,1,Camaiti et al. 2022,"Camaiti, M., Evans, A. R., Hipsley, C. A., Hutchinson, M. N., Meiri, S., Anderson, R. O., ... & Chapple, D. G. (2022). A database of the morphology, ecology and literature of the world's limb-reduced skinks. Journal of Biogeography, 49(7), 1397-1406.",15.05124978,22.8275869,10.62917423,19.02763397,17.95141602,25.06784329,1.45742177,0.376668964,1.221039414,0.199702475,1.639478564,0.494378242,12.23136171,20.47102406,4.402034283,12.1112329,44.13990784,41.63467983,3.087541312,10.12021171,1.064478159,5.921947187,19.21981812,26.00210261,84.14405316,66.53459589,49.95162201,44.97228145,94.36669922,94.36669922,76.2700625,1.43137773,6.871337924,0.449088484,3.842502771,5.104479313,13.05762727,125.6343116,-15.3530717,14.24541538,45.11797984,27.41792796,2.767245067,19.66234027,46.54824757,30.62332855,-120101.8658,-5.715851491,-29137.50038,0.037407697,0.341272016,0.150331197,0.610758409,0.999960954,0.923708784,16.273145,80.34594518,48.52859836,0,92.11256182,20.28489589
Lerista_wilkinsi,Lerista,Sphenomorphinae,sandy soil,0.99977778,0,2,1.968975824,-0.269853286,5.959396682,64.89,0,4.49904,47.63167421,49,0,1,Camaiti et al. 2022,"Camaiti, M., Evans, A. R., Hipsley, C. A., Hutchinson, M. N., Meiri, S., Anderson, R. O., ... & Chapple, D. G. (2022). A database of the morphology, ecology and literature of the world's limb-reduced skinks. Journal of Biogeography, 49(7), 1397-1406.",14.65489986,22.50829524,10.95780182,19.3310435,17.66789627,24.85554774,1.467217649,0.383367851,1.194443107,0.177680058,1.547331214,0.43653165,17.03155021,24.37411672,4.550302982,12.31665515,58.11483383,49.67011438,9.274286018,17.73031838,4.543198586,12.30688562,21.70677757,27.76882914,73.5955683,59.07921957,23.41475677,28.9396409,95.1646347,95.1646347,77.29715519,1.1444083,6.141083185,0.579275906,4.365013109,3.077629566,10.10378372,145.1202672,-20.70435128,8.003512036,46.0499483,23.70876263,1.538034756,13.75998133,45.33785619,27.18362573,-96852.08209,-10.15360957,-17713.21947,0.039209086,0.300720553,0.146977331,0.787138573,0.99992373,0.975993091,15.67918129,82.91255982,48.23187219,0,92.10512969,20.14067693
Lerista_xanthura,Lerista,Sphenomorphinae,sand,0.482498465,4,4,0.106715518,-0.82069753,5.434,39.242,5.898,11.398,48.88,41,1,1,Camaiti et al. 2022,"Camaiti, M., Evans, A. R., Hipsley, C. A., Hutchinson, M. N., Meiri, S., Anderson, R. O., ... & Chapple, D. G. (2022). A database of the morphology, ecology and literature of the world's limb-reduced skinks. Journal of Biogeography, 49(7), 1397-1406.",14.17149139,22.11398565,3.314378023,10.48944182,18.3099041,25.33440925,1.449388638,0.371141839,1.031166792,0.030690969,1.845856428,0.612943358,12.83904238,20.9968176,2.869649649,9.752959052,50.02763748,45.01583511,7.20406498,15.56931124,0.952838242,5.601757853,18.66962051,25.59986111,81.76948212,64.72444475,31.30790329,34.02362231,100.1818619,100,90,0.785210519,5.08376755,0.307292908,3.177763542,1.57066071,7.199582443,125.3182376,-23.29939998,6.87826375,44.85221324,23.13163165,0.585683385,10.6064989,45.04159436,25.62449899,-124752.2802,-31.38524173,-38709.41648,0.037070124,0.234425246,0.095417179,0.660029261,0.99959898,0.93130145,11.96229905,62.58560478,34.27347669,0,92.07839719,10.61933084
Lerista_zietzi,Lerista,Sphenomorphinae,soil,0.374391318,4,4,0.101790673,-0.544492206,6.798551292,45.1,6.1787,9.8769,59.532,NA,1,1,Camaiti et al. 2022,"Camaiti, M., Evans, A. R., Hipsley, C. A., Hutchinson, M. N., Meiri, S., Anderson, R. O., ... & Chapple, D. G. (2022). A database of the morphology, ecology and literature of the world's limb-reduced skinks. Journal of Biogeography, 49(7), 1397-1406.",14.07190778,22.03206453,10.08452892,18.51551704,16.43636131,23.91731287,1.531592961,0.426308345,1.348927975,0.299310184,1.874708295,0.628453071,15.59672599,23.26141536,4.000383854,11.53752019,38.16955948,38.15676218,4.428244232,12.14778333,0.967314363,5.644287314,13.32413483,21.40896089,78.18595647,62.15669628,51.0790863,45.61831891,94.84144592,94.84144592,76.87216178,0.819251719,5.193092958,0.333155125,3.30892804,1.929100037,7.98373879,118.9962344,-22.77688175,7.643728296,46.82783686,23.84545003,0.844581233,11.63407598,47.6222525,26.77633717,-129053.0978,-22.16136893,-37223.89369,0.036804546,0.253335828,0.104731364,0.629914875,0.999768896,0.927428263,12.79098408,66.72918658,37.6871924,0,92.08714335,12.33450663
Nangura_spinosa,Anomalopus group,Sphenomorphinae,terrestrial,0.20734296,5,5,-1.944394106,0.329731878,21.8,88.9,26.8478,33.8709,75.565,NA,1,1,Camaiti et al. 2022,"Camaiti, M., Evans, A. R., Hipsley, C. A., Hutchinson, M. N., Meiri, S., Anderson, R. O., ... & Chapple, D. G. (2022). A database of the morphology, ecology and literature of the world's limb-reduced skinks. Journal of Biogeography, 49(7), 1397-1406.",13.32154646,21.40677882,10.34875965,18.76545512,16.56797981,24.01889148,1.200302815,0.182573871,0.955951035,-0.045048586,1.376984119,0.319895687,22.06622196,28.01787333,11.85730934,20.1417831,43.24137878,41.11570476,16.61627576,24.05608342,11.4980278,19.82128449,21.57581139,27.67771894,54.54940247,47.61022569,31.89532852,34.38559176,73.24758911,73.24758911,58.85355076,3.198351691,10.30216315,2.121412516,8.374961344,5.45564127,13.5075293,152.2993035,-26.15551152,5.494405744,36.49876704,18.52150462,2.439807667,9.338646664,33.12539239,20.24421002,-161.9878589,-6.425516326,-62.57277985,0.162305356,0.332501674,0.227567533,0.999008551,0.999947381,0.999644412,24.72714318,91.97075531,58.3071267,0,92.11151121,41.77114574
Notoscincus_ornatus,Other,Sphenomorphinae,terrestrial,0.392829084,5,5,-0.341816828,-0.801397289,8,32,8.5,14,47,30,1,1,Camaiti et al. 2022,"Camaiti, M., Evans, A. R., Hipsley, C. A., Hutchinson, M. N., Meiri, S., Anderson, R. O., ... & Chapple, D. G. (2022). A database of the morphology, ecology and literature of the world's limb-reduced skinks. Journal of Biogeography, 49(7), 1397-1406.",15.21417419,22.95782909,3.314378023,10.48944182,21.20315552,27.41736521,1.46384783,0.381068469,0.915807724,-0.087948845,2.37587595,0.865366191,17.1250657,24.44530689,0,0,64.29528809,53.30649896,7.416664728,15.80329258,0,0,28.18799782,32.06788697,73.75875977,59.1853788,16.62400627,24.06203254,100.2697296,100,90,0.835463847,5.244366724,0.26989305,2.977926893,7.703228474,16.11385077,131.6771865,-20.76508235,8.81621036,45.49793616,24.47187577,1.153405961,13.2235566,45.58324652,27.39179719,-122963.4403,-21.18125575,-37780.1323,0.037393257,0.26970734,0.110513327,0.657227383,0.999758618,0.924643338,13.16168598,69.83304748,39.2177894,0,88.23960288,13.10068113
Ophioscincus_ophioscincus,Anomalopus group,Sphenomorphinae,humus,0,0,0,3.106405227,0.342945036,5.46,72.83,0,0,57.37,51,0,0,Camaiti et al. 2022,"Camaiti, M., Evans, A. R., Hipsley, C. A., Hutchinson, M. N., Meiri, S., Anderson, R. O., ... & Chapple, D. G. (2022). A database of the morphology, ecology and literature of the world's limb-reduced skinks. Journal of Biogeography, 49(7), 1397-1406.",13.79009245,21.79890787,9.088409424,17.5459095,19.26579094,26.03551204,1.27226867,0.240801661,0.857062817,-0.154244064,1.449207306,0.371016721,21.59391552,27.69032548,4.131299019,11.72742433,59.06235886,50.22120639,16.78444609,24.18525256,6.758066654,15.06785589,31.31665421,34.02902798,54.99125495,47.8645495,19.52743912,26.2250835,87.60238647,87.60238647,69.38403562,2.888222509,9.784778984,0.697494268,4.790701518,8.80313015,17.25954645,152.3442193,-26.19223624,6.332913945,35.98608104,18.8033041,3.030469132,9.930721858,32.88129425,20.39841146,-165.2678635,-5.807609526,-61.81325103,0.163027015,0.342721413,0.232121467,0.998991722,0.999952738,0.999647586,25.79098886,90.72519671,58.49304271,0.590154548,92.11292496,43.31515142
Ophioscincus_truncatus,Anomalopus group,Sphenomorphinae,soil,0.448608745,1,1,1.893510874,0.124750535,7.13,65.71,0.97,1.76,61.14,50,1,1,Camaiti et al. 2022,"Camaiti, M., Evans, A. R., Hipsley, C. A., Hutchinson, M. N., Meiri, S., Anderson, R. O., ... & Chapple, D. G. (2022). A database of the morphology, ecology and literature of the world's limb-reduced skinks. Journal of Biogeography, 49(7), 1397-1406.",13.93744237,21.92106262,9.542025566,17.99305385,19.705616,26.35362713,1.09743913,0.092979402,0.670247018,-0.400108951,1.397190094,0.334463144,21.95846023,27.94336386,2.767380714,9.575926979,54.05295944,47.32472526,19.63777136,26.3047334,2.482289314,9.064881957,42.69915009,40.80191213,48.49706129,44.13874982,19.63647652,26.30379963,96.04456329,96.04456329,78.52836433,4.423768391,12.14154898,1.127267122,6.094742891,13.56649208,21.61248785,152.8832085,-28.3645921,5.78158502,33.58947783,17.55280365,4.100947217,8.638414199,30.66320771,18.77663728,-113.0883479,-4.317501497,-42.75003165,0.176199993,0.364414408,0.250894953,0.999361311,0.999966292,0.999767856,28.93631019,92.76647276,61.71092341,0.933905636,92.1163102,51.84385289
Saiphos_equalis,Anomalopus group,Sphenomorphinae,humus,0.143510487,3,3,0.382480161,-0.095941792,8.15,60.67,5.43,6.34,76.97,40,1,1,Camaiti et al. 2022,"Camaiti, M., Evans, A. R., Hipsley, C. A., Hutchinson, M. N., Meiri, S., Anderson, R. O., ... & Chapple, D. G. (2022). A database of the morphology, ecology and literature of the world's limb-reduced skinks. Journal of Biogeography, 49(7), 1397-1406.",14.37677533,22.28210565,9.587119102,18.03697818,24.84157753,29.89507737,1.181445669,0.166738832,0.65604353,-0.421528136,1.488549232,0.397801976,21.18423737,27.40410387,3.346557856,10.54082018,60.73485947,51.19888134,17.64923552,24.84152817,2.262390852,8.650830044,47.00111389,43.28073298,52.12542555,46.21814618,15.85223961,23.46249637,100.9104996,100,90,3.632546946,10.98735899,0.797096014,5.12220083,13.56649208,21.61248785,151.7084885,-30.10566705,3.304958591,34.32698635,15.94758428,2.571348477,6.182956762,31.38693473,17.51672891,-162.0091535,-6.279628308,-113.758626,0.168013242,0.336904237,0.237652404,0.999079971,0.999947666,0.999669502,25.36975762,95.30122718,60.35810374,0.492367317,92.11231168,49.69982312
Silvascincus_murrayi,Anomalopus group,Sphenomorphinae,terrestrial,0.258056192,5,5,-1.729814846,0.161110836,18,80,23,31,115,NA,1,1,Camaiti et al. 2022,"Camaiti, M., Evans, A. R., Hipsley, C. A., Hutchinson, M. N., Meiri, S., Anderson, R. O., ... & Chapple, D. G. (2022). A database of the morphology, ecology and literature of the world's limb-reduced skinks. Journal of Biogeography, 49(7), 1397-1406.",14.00958422,21.98067156,9.221829414,17.67844555,19.83959007,26.44999243,1.110989905,0.105251424,0.65604353,-0.421528136,1.43729496,0.362762847,20.89716493,27.20233477,3.346557856,10.54082018,54.63485718,47.65939546,19.28316804,26.04813244,2.482289314,9.064881957,45.7742157,42.57591225,49.91065122,44.94880689,19.63647652,26.30379963,96.04456329,96.04456329,78.52836433,4.281190638,11.94135393,0.697494268,4.790701518,13.56649208,21.61248785,152.4748834,-29.38970695,3.916089906,33.31760461,16.08191437,3.127975953,6.670452517,30.40545558,17.46523212,-115.4069878,-5.302433606,-43.94043119,0.175186495,0.348683829,0.24664504,0.999348905,0.999957275,0.99975813,27.06293621,94.3145217,61.35447325,0.634884346,92.11440634,52.64906025
